entry,values
1,86.0
2,79.0
3,81.0
4,81.0
5,90.0
6,85.0
7,77.0
8,64.0
9,81.0
10,80.0
11,79.0
12,80.0
13,79.0
14,79.0
15,63.0
16,87.0
17,82.0
18,83.0
19,83.0
20,81.0
21,70.0
22,70.0
23,74.0
24,75.0
25,75.0
26,75.0
27,81.0
28,81.0
29,78.0
30,80.0
31,96.0
32,87.0
33,94.0
34,74.0
35,86.0
36,85.0
37,87.0
38,86.0
39,86.0
40,86.0
41,86.0
42,86.0
43,87.0
44,86.0
45,86.0
46,87.0
47,76.0
48,87.0
49,87.0
50,87.0
51,88.0
52,87.0
53,83.0
54,88.0
55,87.0
56,88.0
57,88.0
58,88.0
59,88.0
60,88.0
61,87.0
62,87.0
63,88.0
64,88.0
65,89.0
66,88.0
67,78.0
68,89.0
69,89.0
70,88.0
71,88.0
72,88.0
73,88.0
74,87.0
75,88.0
76,88.0
77,89.0
78,88.0
79,88.0
80,86.0
81,88.0
82,87.0
83,88.0
84,91.0
85,87.0
86,87.0
87,88.0
88,89.0
89,90.0
90,88.0
91,88.0
92,87.0
93,89.0
94,88.0
95,89.0
96,89.0
97,91.0
98,89.0
99,88.0
100,88.0
101,88.0
102,90.0
103,88.0
104,87.0
105,82.0
106,86.0
107,84.0
108,69.0
109,84.0
110,68.0
111,81.0
112,70.0
113,71.0
114,80.0
115,88.0
116,80.0
117,80.0
118,82.0
119,79.0
120,87.0
121,56.0
122,67.0
123,46.0
124,96.0
125,107.0
126,102.0
127,103.0
128,102.0
129,99.0
130,101.0
131,101.0
132,94.0
133,102.0
134,102.0
135,102.0
136,101.0
137,102.0
138,103.0
139,97.0
140,103.0
141,103.0
142,104.0
143,104.0
144,103.0
145,121.0
146,110.0
147,125.0
148,116.0
149,112.0
150,124.0
151,109.0
152,113.0
153,107.0
154,100.0
155,110.0
156,119.0
157,85.0
158,88.0
159,98.0
160,105.0
161,96.0
162,84.0
163,93.0
164,86.0
165,88.0
166,63.0
167,69.0
168,82.0
169,69.0
170,69.0
171,69.0
172,72.0
173,63.0
174,62.0
175,57.0
176,56.0
177,61.0
178,60.0
179,67.0
180,76.0
181,72.0
182,52.0
183,47.0
184,45.0
185,52.0
186,49.0
187,64.0
188,62.0
189,62.0
190,62.0
191,68.0
192,69.0
193,54.0
194,70.0
195,42.0
196,58.0
197,55.0
198,55.0
199,66.0
200,60.0
201,68.0
202,64.0
203,60.0
204,69.0
205,63.0
206,63.0
207,66.0
208,69.0
209,65.0
210,56.0
211,48.0
212,67.0
213,68.0
214,69.0
215,69.0
216,67.0
217,69.0
218,64.0
219,69.0
220,69.0
221,70.0
222,67.0
223,68.0
224,70.0
225,71.0
226,71.0
227,69.0
228,64.0
229,70.0
230,70.0
231,68.0
232,68.0
233,69.0
234,67.0
235,63.0
236,68.0
237,65.0
238,65.0
239,67.0
240,67.0
241,67.0
242,67.0
243,60.0
244,55.0
245,56.0
246,56.0
247,60.0
248,65.0
249,66.0
250,64.0
251,67.0
252,66.0
253,71.0
254,71.0
255,69.0
256,70.0
257,69.0
258,69.0
259,69.0
260,68.0
261,110.0
262,112.0
263,112.0
264,111.0
265,110.0
266,108.0
267,108.0
268,81.0
269,83.0
270,80.0
271,76.0
272,82.0
273,82.0
274,85.0
275,84.0
276,85.0
277,72.0
278,75.0
279,73.0
280,79.0
281,79.0
282,86.0
283,71.0
284,66.0
285,70.0
286,75.0
287,70.0
288,87.0
289,86.0
290,68.0
291,73.0
292,72.0
293,81.0
294,73.0
295,75.0
296,73.0
297,86.0
298,83.0
299,75.0
300,87.0
301,73.0
302,88.0
303,83.0
304,79.0
305,62.0
306,61.0
307,62.0
308,70.0
309,61.0
310,69.0
311,61.0
312,62.0
313,70.0
314,66.0
315,69.0
316,62.0
317,73.0
318,61.0
319,64.0
320,71.0
321,61.0
322,80.0
323,62.0
324,68.0
325,67.0
326,63.0
327,62.0
328,62.0
329,61.0
330,71.0
331,65.0
332,64.0
333,65.0
334,62.0
335,70.0
336,64.0
337,65.0
338,67.0
339,64.0
340,66.0
341,64.0
342,69.0
343,68.0
344,62.0
345,62.0
346,69.0
347,77.0
348,64.0
349,71.0
350,63.0
351,70.0
352,68.0
353,75.0
354,59.0
355,71.0
356,60.0
357,67.0
358,61.0
359,61.0
360,98.0
361,89.0
362,102.0
363,91.0
364,99.0
365,95.0
366,82.0
367,86.0
368,77.0
369,74.0
370,82.0
371,82.0
372,91.0
373,93.0
374,86.0
375,91.0
376,79.0
377,81.0
378,86.0
379,90.0
380,95.0
381,93.0
382,89.0
383,88.0
384,77.0
385,83.0
386,87.0
387,89.0
388,96.0
389,90.0
390,86.0
391,77.0
392,76.0
393,74.0
394,81.0
395,76.0
396,93.0
397,93.0
398,94.0
399,94.0
400,94.0
401,95.0
402,96.0
403,99.0
404,100.0
405,104.0
406,96.0
407,96.0
408,90.0
409,91.0
410,88.0
411,90.0
412,84.0
413,79.0
414,74.0
415,62.0
416,79.0
417,78.0
418,69.0
419,74.0
420,80.0
421,72.0
422,69.0
423,68.0
424,75.0
425,67.0
426,80.0
427,70.0
428,75.0
429,76.0
430,64.0
431,85.0
432,91.0
433,85.0
434,86.0
435,77.0
436,81.0
437,84.0
438,83.0
439,76.0
440,79.0
441,78.0
442,74.0
443,78.0
444,81.0
445,74.0
446,65.0
447,72.0
448,73.0
449,75.0
450,77.0
451,76.0
452,80.0
453,80.0
454,80.0
455,84.0
456,71.0
457,86.0
458,88.0
459,80.0
460,89.0
461,94.0
462,96.0
463,93.0
464,92.0
465,85.0
466,79.0
467,75.0
468,74.0
469,92.0
470,83.0
471,88.0
472,88.0
473,84.0
474,77.0
475,82.0
476,81.0
477,75.0
478,82.0
479,78.0
480,76.0
481,79.0
482,90.0
483,82.0
484,80.0
485,94.0
486,86.0
487,100.0
488,94.0
489,100.0
490,97.0
491,102.0
492,84.0
493,87.0
494,75.0
495,70.0
496,80.0
497,79.0
498,82.0
499,83.0
500,81.0
501,83.0
502,80.0
503,79.0
504,83.0
505,84.0
506,83.0
507,81.0
508,83.0
509,86.0
510,84.0
511,79.0
512,84.0
513,81.0
514,79.0
515,80.0
516,80.0
517,80.0
518,81.0
519,81.0
520,80.0
521,79.0
522,79.0
523,78.0
524,78.0
525,78.0
526,85.0
527,84.0
528,81.0
529,81.0
530,81.0
531,81.0
532,82.0
533,74.0
534,80.0
535,78.0
536,80.0
537,82.0
538,85.0
539,76.0
540,81.0
541,78.0
542,77.0
543,62.0
544,65.0
545,76.0
546,75.0
547,76.0
548,49.0
549,47.0
550,56.0
551,60.0
552,62.0
553,65.0
554,57.0
555,46.0
556,51.0
557,51.0
558,50.0
559,66.0
560,66.0
561,53.0
562,50.0
563,48.0
564,68.0
565,76.0
566,75.0
567,60.0
568,65.0
569,67.0
570,61.0
571,57.0
572,56.0
573,64.0
574,60.0
575,56.0
576,56.0
577,55.0
578,59.0
579,52.0
580,54.0
581,55.0
582,57.0
583,55.0
584,55.0
585,55.0
586,54.0
587,52.0
588,54.0
589,54.0
590,54.0
591,54.0
592,58.0
593,56.0
594,54.0
595,55.0
596,54.0
597,55.0
598,69.0
599,56.0
600,56.0
601,55.0
602,55.0
603,54.0
604,54.0
605,52.0
606,59.0
607,57.0
608,63.0
609,64.0
610,61.0
611,56.0
612,58.0
613,58.0
614,58.0
615,58.0
616,62.0
617,57.0
618,62.0
619,56.0
620,65.0
621,62.0
622,58.0
623,60.0
624,60.0
625,59.0
626,59.0
627,59.0
628,58.0
629,65.0
630,59.0
631,59.0
632,59.0
633,58.0
634,59.0
635,58.0
636,58.0
637,60.0
638,59.0
639,59.0
640,58.0
641,57.0
642,58.0
643,57.0
644,60.0
645,68.0
646,67.0
647,67.0
648,63.0
649,64.0
650,60.0
651,60.0
652,58.0
653,58.0
654,56.0
655,58.0
656,58.0
657,58.0
658,58.0
659,58.0
660,55.0
661,55.0
662,54.0
663,63.0
664,62.0
665,59.0
666,58.0
667,53.0
668,52.0
669,52.0
670,54.0
671,53.0
672,50.0
673,50.0
674,52.0
675,52.0
676,59.0
677,58.0
678,53.0
679,55.0
680,55.0
681,62.0
682,69.0
683,68.0
684,63.0
685,63.0
686,66.0
687,72.0
688,72.0
689,73.0
690,73.0
691,72.0
692,73.0
693,73.0
694,72.0
695,71.0
696,69.0
697,70.0
698,69.0
699,69.0
700,70.0
701,70.0
702,70.0
703,69.0
704,70.0
705,67.0
706,67.0
707,69.0
708,70.0
709,69.0
710,69.0
711,69.0
712,68.0
713,68.0
714,69.0
715,69.0
716,69.0
717,59.0
718,70.0
719,70.0
720,71.0
721,71.0
722,70.0
723,71.0
724,70.0
725,70.0
726,72.0
727,71.0
728,70.0
729,70.0
730,71.0
731,73.0
732,72.0
733,72.0
734,72.0
735,73.0
736,76.0
737,82.0
738,78.0
739,72.0
740,60.0
741,58.0
742,60.0
743,63.0
744,62.0
745,62.0
746,61.0
747,62.0
748,59.0
749,53.0
750,63.0
751,61.0
752,65.0
753,57.0
754,58.0
755,59.0
756,57.0
757,58.0
758,48.0
759,57.0
760,55.0
761,58.0
762,48.0
763,53.0
764,49.0
765,59.0
766,58.0
767,59.0
768,58.0
769,60.0
770,55.0
771,58.0
772,59.0
773,58.0
774,60.0
775,60.0
776,59.0
777,60.0
778,60.0
779,59.0
780,63.0
781,60.0
782,60.0
783,60.0
784,59.0
785,59.0
786,47.0
787,42.0
788,53.0
789,56.0
790,56.0
791,60.0
792,54.0
793,58.0
794,58.0
795,72.0
796,66.0
797,50.0
798,58.0
799,58.0
800,59.0
801,58.0
802,57.0
803,58.0
804,59.0
805,58.0
806,55.0
807,60.0
808,59.0
809,59.0
810,58.0
811,59.0
812,59.0
813,62.0
814,64.0
815,60.0
816,61.0
817,65.0
818,64.0
819,64.0
820,64.0
821,62.0
822,63.0
823,63.0
824,65.0
825,65.0
826,65.0
827,66.0
828,67.0
829,62.0
830,63.0
831,60.0
832,62.0
833,64.0
834,62.0
835,66.0
836,72.0
837,65.0
838,66.0
839,65.0
840,66.0
841,66.0
842,65.0
843,66.0
844,65.0
845,73.0
846,63.0
847,65.0
848,67.0
849,67.0
850,68.0
851,67.0
852,68.0
853,64.0
854,69.0
855,69.0
856,67.0
857,65.0
858,64.0
859,65.0
860,66.0
861,65.0
862,66.0
863,66.0
864,83.0
865,86.0
866,85.0
867,69.0
868,68.0
869,68.0
870,69.0
871,68.0
872,69.0
873,69.0
874,68.0
875,91.0
876,68.0
877,67.0
878,70.0
879,68.0
880,69.0
881,69.0
882,68.0
883,70.0
884,69.0
885,70.0
886,71.0
887,76.0
888,82.0
889,79.0
890,79.0
891,77.0
892,71.0
893,69.0
894,69.0
895,69.0
896,71.0
897,69.0
898,69.0
899,73.0
900,75.0
901,77.0
902,84.0
903,83.0
904,84.0
905,83.0
906,82.0
907,82.0
908,84.0
909,83.0
910,75.0
911,84.0
912,83.0
913,82.0
914,81.0
915,81.0
916,81.0
917,80.0
918,73.0
919,80.0
920,81.0
921,80.0
922,79.0
923,81.0
924,81.0
925,81.0
926,83.0
927,81.0
928,81.0
929,81.0
930,81.0
931,82.0
932,72.0
933,80.0
934,82.0
935,81.0
936,82.0
937,78.0
938,63.0
939,66.0
940,46.0
941,106.0
942,75.0
943,97.0
944,95.0
945,95.0
946,96.0
947,96.0
948,96.0
949,98.0
950,99.0
951,98.0
952,57.0
953,51.0
954,56.0
955,64.0
956,65.0
957,66.0
958,66.0
959,67.0
960,66.0
961,73.0
962,72.0
963,73.0
964,72.0
965,68.0
966,66.0
967,95.0
968,97.0
969,94.0
970,93.0
971,80.0
972,83.0
973,83.0
974,81.0
975,80.0
976,76.0
977,79.0
978,80.0
979,81.0
980,71.0
981,83.0
982,88.0
983,81.0
984,87.0
985,89.0
986,87.0
987,78.0
988,78.0
989,81.0
990,74.0
991,73.0
992,73.0
993,73.0
994,72.0
995,73.0
996,75.0
997,81.0
998,84.0
999,86.0
1000,83.0
1001,83.0
1002,48.0
1003,90.0
1004,93.0
1005,93.0
1006,90.0
1007,88.0
1008,89.0
1009,93.0
1010,81.0
1011,93.0
1012,93.0
1013,83.0
1014,85.0
1015,85.0
1016,86.0
1017,84.0
1018,85.0
1019,84.0
1020,85.0
1021,82.0
1022,83.0
1023,82.0
1024,83.0
1025,82.0
1026,82.0
1027,82.0
1028,84.0
1029,83.0
1030,84.0
1031,84.0
1032,85.0
1033,84.0
1034,83.0
1035,83.0
1036,83.0
1037,82.0
1038,84.0
1039,84.0
1040,84.0
1041,84.0
1042,84.0
1043,83.0
1044,83.0
1045,58.0
1046,60.0
1047,62.0
1048,63.0
1049,65.0
1050,61.0
1051,66.0
1052,65.0
1053,63.0
1054,62.0
1055,54.0
1056,49.0
1057,50.0
1058,49.0
1059,50.0
1060,49.0
1061,72.0
1062,78.0
1063,74.0
1064,76.0
1065,81.0
1066,71.0
1067,75.0
1068,69.0
1069,70.0
1070,69.0
1071,74.0
1072,71.0
1073,74.0
1074,73.0
1075,73.0
1076,75.0
1077,71.0
1078,72.0
1079,73.0
1080,72.0
1081,73.0
1082,67.0
1083,42.0
1084,44.0
1085,67.0
1086,69.0
1087,78.0
1088,69.0
1089,69.0
1090,75.0
1091,68.0
1092,73.0
1093,70.0
1094,74.0
1095,72.0
1096,70.0
1097,69.0
1098,73.0
1099,73.0
1100,73.0
1101,75.0
1102,74.0
1103,76.0
1104,76.0
1105,74.0
1106,75.0
1107,75.0
1108,74.0
1109,74.0
1110,74.0
1111,76.0
1112,74.0
1113,75.0
1114,76.0
1115,76.0
1116,75.0
1117,74.0
1118,73.0
1119,75.0
1120,74.0
1121,75.0
1122,76.0
1123,76.0
1124,71.0
1125,76.0
1126,71.0
1127,85.0
1128,88.0
1129,68.0
1130,71.0
1131,68.0
1132,68.0
1133,72.0
1134,77.0
1135,77.0
1136,62.0
1137,70.0
1138,66.0
1139,88.0
1140,65.0
1141,63.0
1142,62.0
1143,60.0
1144,56.0
1145,56.0
1146,63.0
1147,62.0
1148,62.0
1149,70.0
1150,69.0
1151,57.0
1152,56.0
1153,53.0
1154,70.0
1155,70.0
1156,56.0
1157,63.0
1158,62.0
1159,72.0
1160,69.0
1161,68.0
1162,69.0
1163,69.0
1164,71.0
1165,73.0
1166,74.0
1167,74.0
1168,76.0
1169,73.0
1170,74.0
1171,70.0
1172,71.0
1173,70.0
1174,70.0
1175,74.0
1176,78.0
1177,88.0
1178,84.0
1179,89.0
1180,88.0
1181,87.0
1182,88.0
1183,88.0
1184,86.0
1185,86.0
1186,87.0
1187,86.0
1188,86.0
1189,84.0
1190,85.0
1191,85.0
1192,86.0
1193,85.0
1194,86.0
1195,86.0
1196,86.0
1197,86.0
1198,86.0
1199,87.0
1200,86.0
1201,87.0
1202,93.0
1203,93.0
1204,91.0
1205,92.0
1206,91.0
1207,93.0
1208,89.0
1209,90.0
1210,89.0
1211,90.0
1212,89.0
1213,90.0
1214,92.0
1215,89.0
1216,89.0
1217,91.0
1218,90.0
1219,89.0
1220,89.0
1221,90.0
1222,90.0
1223,89.0
1224,89.0
1225,90.0
1226,87.0
1227,88.0
1228,89.0
1229,88.0
1230,88.0
1231,88.0
1232,89.0
1233,88.0
1234,88.0
1235,88.0
1236,89.0
1237,89.0
1238,87.0
1239,89.0
1240,90.0
1241,89.0
1242,89.0
1243,90.0
1244,87.0
1245,88.0
1246,89.0
1247,87.0
1248,87.0
1249,87.0
1250,89.0
1251,87.0
1252,88.0
1253,90.0
1254,90.0
1255,89.0
1256,90.0
1257,90.0
1258,89.0
1259,90.0
1260,89.0
1261,90.0
1262,91.0
1263,90.0
1264,88.0
1265,87.0
1266,88.0
1267,89.0
1268,87.0
1269,88.0
1270,91.0
1271,88.0
1272,88.0
1273,90.0
1274,90.0
1275,88.0
1276,91.0
1277,89.0
1278,87.0
1279,88.0
1280,88.0
1281,91.0
1282,91.0
1283,92.0
1284,89.0
1285,90.0
1286,87.0
1287,88.0
1288,89.0
1289,87.0
1290,89.0
1291,87.0
1292,88.0
1293,88.0
1294,90.0
1295,88.0
1296,90.0
1297,89.0
1298,90.0
1299,88.0
1300,89.0
1301,88.0
1302,88.0
1303,88.0
1304,88.0
1305,88.0
1306,88.0
1307,89.0
1308,90.0
1309,89.0
1310,89.0
1311,89.0
1312,91.0
1313,90.0
1314,90.0
1315,90.0
1316,89.0
1317,89.0
1318,87.0
1319,87.0
1320,87.0
1321,87.0
1322,88.0
1323,89.0
1324,89.0
1325,92.0
1326,91.0
1327,91.0
1328,91.0
1329,91.0
1330,90.0
1331,91.0
1332,92.0
1333,91.0
1334,90.0
1335,90.0
1336,90.0
1337,90.0
1338,91.0
1339,92.0
1340,92.0
1341,94.0
1342,93.0
1343,93.0
1344,93.0
1345,92.0
1346,92.0
1347,93.0
1348,92.0
1349,93.0
1350,92.0
1351,91.0
1352,91.0
1353,93.0
1354,93.0
1355,93.0
1356,92.0
1357,92.0
1358,93.0
1359,91.0
1360,92.0
1361,92.0
1362,93.0
1363,92.0
1364,91.0
1365,91.0
1366,92.0
1367,91.0
1368,91.0
1369,90.0
1370,90.0
1371,92.0
1372,92.0
1373,92.0
1374,93.0
1375,91.0
1376,94.0
1377,94.0
1378,94.0
1379,93.0
1380,94.0
1381,94.0
1382,93.0
1383,92.0
1384,94.0
1385,96.0
1386,95.0
1387,94.0
1388,91.0
1389,92.0
1390,91.0
1391,95.0
1392,95.0
1393,94.0
1394,92.0
1395,93.0
1396,97.0
1397,96.0
1398,96.0
1399,94.0
1400,95.0
1401,94.0
1402,95.0
1403,95.0
1404,83.0
1405,82.0
1406,82.0
1407,83.0
1408,83.0
1409,81.0
1410,82.0
1411,82.0
1412,81.0
1413,82.0
1414,82.0
1415,82.0
1416,82.0
1417,82.0
1418,82.0
1419,82.0
1420,83.0
1421,81.0
1422,83.0
1423,87.0
1424,83.0
1425,82.0
1426,83.0
1427,85.0
1428,85.0
1429,74.0
1430,58.0
1431,56.0
1432,58.0
1433,59.0
1434,57.0
1435,59.0
1436,63.0
1437,61.0
1438,56.0
1439,56.0
1440,61.0
1441,54.0
1442,59.0
1443,57.0
1444,57.0
1445,57.0
1446,56.0
1447,57.0
1448,56.0
1449,56.0
1450,57.0
1451,57.0
1452,57.0
1453,57.0
1454,56.0
1455,57.0
1456,56.0
1457,56.0
1458,57.0
1459,56.0
1460,85.0
1461,92.0
1462,88.0
1463,86.0
1464,86.0
1465,87.0
1466,75.0
1467,74.0
1468,75.0
1469,89.0
1470,75.0
1471,86.0
1472,61.0
1473,80.0
1474,82.0
1475,82.0
1476,81.0
1477,79.0
1478,59.0
1479,79.0
1480,79.0
1481,79.0
1482,79.0
1483,82.0
1484,80.0
1485,90.0
1486,92.0
1487,87.0
1488,87.0
1489,90.0
1490,79.0
1491,79.0
1492,74.0
1493,76.0
1494,74.0
1495,76.0
1496,86.0
1497,80.0
1498,78.0
1499,78.0
1500,78.0
1501,78.0
1502,81.0
1503,96.0
1504,98.0
1505,86.0
1506,98.0
1507,98.0
1508,98.0
1509,98.0
1510,103.0
1511,100.0
1512,100.0
1513,85.0
1514,86.0
1515,99.0
1516,99.0
1517,100.0
1518,99.0
1519,98.0
1520,97.0
1521,84.0
1522,102.0
1523,100.0
1524,100.0
1525,100.0
1526,99.0
1527,102.0
1528,101.0
1529,96.0
1530,97.0
1531,96.0
1532,96.0
1533,96.0
1534,65.0
1535,65.0
1536,66.0
1537,64.0
1538,66.0
1539,65.0
1540,65.0
1541,69.0
1542,66.0
1543,66.0
1544,66.0
1545,66.0
1546,68.0
1547,64.0
1548,66.0
1549,67.0
1550,65.0
1551,66.0
1552,67.0
1553,66.0
1554,68.0
1555,64.0
1556,65.0
1557,68.0
1558,66.0
1559,65.0
1560,67.0
1561,65.0
1562,68.0
1563,68.0
1564,68.0
1565,67.0
1566,66.0
1567,68.0
1568,69.0
1569,69.0
1570,71.0
1571,72.0
1572,67.0
1573,67.0
1574,67.0
1575,67.0
1576,68.0
1577,68.0
1578,70.0
1579,73.0
1580,74.0
1581,66.0
1582,63.0
1583,72.0
1584,72.0
1585,70.0
1586,69.0
1587,71.0
1588,73.0
1589,72.0
1590,73.0
1591,72.0
1592,71.0
1593,72.0
1594,72.0
1595,73.0
1596,69.0
1597,69.0
1598,69.0
1599,67.0
1600,75.0
1601,72.0
1602,77.0
1603,77.0
1604,77.0
1605,77.0
1606,77.0
1607,77.0
1608,78.0
1609,76.0
1610,74.0
1611,76.0
1612,77.0
1613,75.0
1614,76.0
1615,75.0
1616,72.0
1617,76.0
1618,73.0
1619,73.0
1620,72.0
1621,69.0
1622,73.0
1623,73.0
1624,72.0
1625,72.0
1626,72.0
1627,71.0
1628,70.0
1629,71.0
1630,70.0
1631,71.0
1632,72.0
1633,71.0
1634,71.0
1635,71.0
1636,72.0
1637,72.0
1638,73.0
1639,72.0
1640,71.0
1641,73.0
1642,72.0
1643,72.0
1644,69.0
1645,72.0
1646,70.0
1647,70.0
1648,69.0
1649,75.0
1650,76.0
1651,75.0
1652,77.0
1653,77.0
1654,77.0
1655,75.0
1656,76.0
1657,75.0
1658,75.0
1659,77.0
1660,76.0
1661,76.0
1662,76.0
1663,76.0
1664,75.0
1665,75.0
1666,76.0
1667,78.0
1668,76.0
1669,77.0
1670,76.0
1671,74.0
1672,75.0
1673,73.0
1674,73.0
1675,80.0
1676,75.0
1677,76.0
1678,76.0
1679,82.0
1680,80.0
1681,79.0
1682,82.0
1683,78.0
1684,77.0
1685,78.0
1686,79.0
1687,79.0
1688,75.0
1689,77.0
1690,79.0
1691,76.0
1692,75.0
1693,78.0
1694,83.0
1695,74.0
1696,78.0
1697,77.0
1698,79.0
1699,80.0
1700,82.0
1701,80.0
1702,76.0
1703,77.0
1704,75.0
1705,79.0
1706,78.0
1707,75.0
1708,78.0
1709,76.0
1710,34.0
1711,59.0
1712,74.0
1713,37.0
1714,77.0
1715,42.0
1716,66.0
1717,84.0
1718,80.0
1719,80.0
1720,83.0
1721,84.0
1722,81.0
1723,99.0
1724,94.0
1725,94.0
1726,94.0
1727,94.0
1728,94.0
1729,95.0
1730,101.0
1731,86.0
1732,100.0
1733,96.0
1734,96.0
1735,96.0
1736,95.0
1737,98.0
1738,96.0
1739,96.0
1740,97.0
1741,91.0
1742,91.0
1743,92.0
1744,92.0
1745,93.0
1746,96.0
1747,97.0
1748,96.0
1749,99.0
1750,97.0
1751,96.0
1752,95.0
1753,97.0
1754,99.0
1755,96.0
1756,95.0
1757,96.0
1758,96.0
1759,96.0
1760,97.0
1761,97.0
1762,96.0
1763,96.0
1764,96.0
1765,96.0
1766,86.0
1767,99.0
1768,99.0
1769,98.0
1770,100.0
1771,93.0
1772,93.0
1773,90.0
1774,89.0
1775,80.0
1776,81.0
1777,85.0
1778,86.0
1779,80.0
1780,85.0
1781,82.0
1782,84.0
1783,82.0
1784,83.0
1785,86.0
1786,81.0
1787,84.0
1788,77.0
1789,82.0
1790,79.0
1791,82.0
1792,81.0
1793,76.0
1794,78.0
1795,81.0
1796,82.0
1797,78.0
1798,78.0
1799,76.0
1800,77.0
1801,77.0
1802,77.0
1803,84.0
1804,67.0
1805,68.0
1806,63.0
1807,63.0
1808,64.0
1809,63.0
1810,64.0
1811,62.0
1812,61.0
1813,61.0
1814,65.0
1815,65.0
1816,65.0
1817,62.0
1818,65.0
1819,65.0
1820,62.0
1821,63.0
1822,65.0
1823,61.0
1824,61.0
1825,60.0
1826,59.0
1827,63.0
1828,64.0
1829,62.0
1830,62.0
1831,61.0
1832,62.0
1833,64.0
1834,62.0
1835,61.0
1836,64.0
1837,62.0
1838,64.0
1839,62.0
1840,62.0
1841,61.0
1842,66.0
1843,71.0
1844,67.0
1845,64.0
1846,63.0
1847,64.0
1848,64.0
1849,67.0
1850,63.0
1851,65.0
1852,64.0
1853,67.0
1854,67.0
1855,74.0
1856,75.0
1857,76.0
1858,76.0
1859,68.0
1860,74.0
1861,73.0
1862,71.0
1863,74.0
1864,68.0
1865,74.0
1866,77.0
1867,77.0
1868,78.0
1869,78.0
1870,77.0
1871,77.0
1872,80.0
1873,74.0
1874,79.0
1875,75.0
1876,78.0
1877,79.0
1878,79.0
1879,65.0
1880,66.0
1881,78.0
1882,71.0
1883,73.0
1884,73.0
1885,74.0
1886,73.0
1887,73.0
1888,71.0
1889,74.0
1890,64.0
1891,63.0
1892,63.0
1893,60.0
1894,64.0
1895,50.0
1896,47.0
1897,51.0
1898,53.0
1899,50.0
1900,50.0
1901,53.0
1902,52.0
1903,51.0
1904,51.0
1905,52.0
1906,54.0
1907,51.0
1908,52.0
1909,51.0
1910,51.0
1911,52.0
1912,51.0
1913,53.0
1914,55.0
1915,53.0
1916,53.0
1917,52.0
1918,52.0
1919,52.0
1920,53.0
1921,87.0
1922,77.0
1923,77.0
1924,76.0
1925,77.0
1926,77.0
1927,76.0
1928,75.0
1929,77.0
1930,75.0
1931,77.0
1932,76.0
1933,78.0
1934,77.0
1935,77.0
1936,70.0
1937,78.0
1938,85.0
1939,74.0
1940,73.0
1941,73.0
1942,72.0
1943,85.0
1944,84.0
1945,86.0
1946,85.0
1947,85.0
1948,86.0
1949,86.0
1950,74.0
1951,73.0
1952,87.0
1953,89.0
1954,92.0
1955,89.0
1956,89.0
1957,79.0
1958,84.0
1959,83.0
1960,84.0
1961,84.0
1962,83.0
1963,83.0
1964,83.0
1965,80.0
1966,75.0
1967,80.0
1968,75.0
1969,74.0
1970,86.0
1971,86.0
1972,85.0
1973,83.0
1974,82.0
1975,85.0
1976,88.0
1977,86.0
1978,86.0
1979,81.0
1980,69.0
1981,45.0
1982,42.0
1983,44.0
1984,45.0
1985,42.0
1986,42.0
1987,46.0
1988,43.0
1989,44.0
1990,44.0
1991,45.0
1992,44.0
1993,45.0
1994,45.0
1995,45.0
1996,46.0
1997,45.0
1998,45.0
1999,44.0
2000,45.0
2001,42.0
2002,44.0
2003,43.0
2004,41.0
2005,48.0
2006,49.0
2007,55.0
2008,50.0
2009,50.0
2010,53.0
2011,50.0
2012,50.0
2013,49.0
2014,56.0
2015,53.0
2016,50.0
2017,50.0
2018,50.0
2019,48.0
2020,50.0
2021,54.0
2022,47.0
2023,50.0
2024,49.0
2025,49.0
2026,50.0
2027,51.0
2028,49.0
2029,48.0
2030,48.0
2031,51.0
2032,50.0
2033,50.0
2034,50.0
2035,51.0
2036,50.0
2037,49.0
2038,48.0
2039,51.0
2040,49.0
2041,48.0
2042,49.0
2043,47.0
2044,48.0
2045,47.0
2046,48.0
2047,46.0
2048,57.0
2049,58.0
2050,58.0
2051,49.0
2052,36.0
2053,69.0
2054,67.0
2055,70.0
2056,69.0
2057,70.0
2058,68.0
2059,69.0
2060,69.0
2061,70.0
2062,69.0
2063,68.0
2064,69.0
2065,71.0
2066,71.0
2067,72.0
2068,73.0
2069,73.0
2070,71.0
2071,72.0
2072,72.0
2073,73.0
2074,75.0
2075,77.0
2076,75.0
2077,76.0
2078,75.0
2079,74.0
2080,72.0
2081,73.0
2082,72.0
2083,76.0
2084,73.0
2085,73.0
2086,75.0
2087,70.0
2088,63.0
2089,62.0
2090,61.0
2091,61.0
2092,61.0
2093,61.0
2094,61.0
2095,60.0
2096,61.0
2097,68.0
2098,66.0
2099,60.0
2100,63.0
2101,62.0
2102,60.0
2103,61.0
2104,54.0
2105,54.0
2106,54.0
2107,55.0
2108,55.0
2109,54.0
2110,55.0
2111,54.0
2112,55.0
2113,55.0
2114,50.0
2115,55.0
2116,54.0
2117,55.0
2118,56.0
2119,51.0
2120,55.0
2121,56.0
2122,55.0
2123,55.0
2124,58.0
2125,58.0
2126,60.0
2127,59.0
2128,60.0
2129,60.0
2130,62.0
2131,60.0
2132,61.0
2133,63.0
2134,59.0
2135,59.0
2136,61.0
2137,61.0
2138,59.0
2139,59.0
2140,59.0
2141,58.0
2142,60.0
2143,59.0
2144,59.0
2145,61.0
2146,60.0
2147,61.0
2148,61.0
2149,59.0
2150,58.0
2151,59.0
2152,56.0
2153,69.0
2154,69.0
2155,72.0
2156,70.0
2157,71.0
2158,71.0
2159,70.0
2160,89.0
2161,110.0
2162,112.0
2163,111.0
2164,115.0
2165,104.0
2166,105.0
2167,105.0
2168,110.0
2169,110.0
2170,111.0
2171,111.0
2172,87.0
2173,87.0
2174,87.0
2175,93.0
2176,87.0
2177,90.0
2178,92.0
2179,90.0
2180,90.0
2181,88.0
2182,89.0
2183,90.0
2184,88.0
2185,89.0
2186,89.0
2187,87.0
2188,88.0
2189,90.0
2190,89.0
2191,89.0
2192,88.0
2193,87.0
2194,91.0
2195,92.0
2196,90.0
2197,93.0
2198,90.0
2199,90.0
2200,90.0
2201,90.0
2202,90.0
2203,89.0
2204,90.0
2205,90.0
2206,90.0
2207,90.0
2208,91.0
2209,90.0
2210,91.0
2211,92.0
2212,91.0
2213,92.0
2214,91.0
2215,90.0
2216,92.0
2217,92.0
2218,91.0
2219,91.0
2220,91.0
2221,92.0
2222,92.0
2223,91.0
2224,92.0
2225,92.0
2226,92.0
2227,92.0
2228,91.0
2229,91.0
2230,88.0
2231,88.0
2232,88.0
2233,90.0
2234,89.0
2235,89.0
2236,88.0
2237,88.0
2238,88.0
2239,89.0
2240,90.0
2241,89.0
2242,88.0
2243,90.0
2244,89.0
2245,91.0
2246,90.0
2247,90.0
2248,89.0
2249,90.0
2250,97.0
2251,92.0
2252,91.0
2253,92.0
2254,92.0
2255,91.0
2256,91.0
2257,91.0
2258,91.0
2259,91.0
2260,93.0
2261,93.0
2262,90.0
2263,91.0
2264,90.0
2265,99.0
2266,92.0
2267,72.0
2268,70.0
2269,64.0
2270,65.0
2271,65.0
2272,60.0
2273,73.0
2274,73.0
2275,69.0
2276,66.0
2277,68.0
2278,72.0
2279,71.0
2280,68.0
2281,71.0
2282,67.0
2283,68.0
2284,68.0
2285,68.0
2286,68.0
2287,72.0
2288,65.0
2289,67.0
2290,65.0
2291,72.0
2292,68.0
2293,68.0
2294,69.0
2295,65.0
2296,69.0
2297,69.0
2298,67.0
2299,69.0
2300,72.0
2301,68.0
2302,68.0
2303,68.0
2304,70.0
2305,70.0
2306,68.0
2307,72.0
2308,68.0
2309,68.0
2310,68.0
2311,73.0
2312,68.0
2313,65.0
2314,68.0
2315,68.0
2316,73.0
2317,69.0
2318,69.0
2319,68.0
2320,68.0
2321,69.0
2322,70.0
2323,70.0
2324,68.0
2325,69.0
2326,68.0
2327,75.0
2328,63.0
2329,71.0
2330,70.0
2331,70.0
2332,71.0
2333,71.0
2334,74.0
2335,73.0
2336,74.0
2337,72.0
2338,71.0
2339,73.0
2340,73.0
2341,72.0
2342,90.0
2343,89.0
2344,88.0
2345,85.0
2346,86.0
2347,85.0
2348,84.0
2349,86.0
2350,88.0
2351,87.0
2352,87.0
2353,85.0
2354,90.0
2355,87.0
2356,87.0
2357,86.0
2358,87.0
2359,86.0
2360,91.0
2361,90.0
2362,88.0
2363,91.0
2364,88.0
2365,87.0
2366,86.0
2367,87.0
2368,88.0
2369,87.0
2370,86.0
2371,85.0
2372,83.0
2373,85.0
2374,83.0
2375,83.0
2376,84.0
2377,84.0
2378,87.0
2379,92.0
2380,89.0
2381,87.0
2382,86.0
2383,87.0
2384,88.0
2385,62.0
2386,70.0
2387,72.0
2388,74.0
2389,71.0
2390,73.0
2391,73.0
2392,64.0
2393,69.0
2394,70.0
2395,69.0
2396,69.0
2397,70.0
2398,71.0
2399,71.0
2400,71.0
2401,70.0
2402,67.0
2403,70.0
2404,66.0
2405,66.0
2406,71.0
2407,68.0
2408,66.0
2409,69.0
2410,59.0
2411,65.0
2412,70.0
2413,67.0
2414,67.0
2415,66.0
2416,66.0
2417,68.0
2418,67.0
2419,66.0
2420,71.0
2421,66.0
2422,65.0
2423,66.0
2424,65.0
2425,67.0
2426,67.0
2427,62.0
2428,70.0
2429,68.0
2430,67.0
2431,66.0
2432,64.0
2433,69.0
2434,67.0
2435,67.0
2436,64.0
2437,69.0
2438,70.0
2439,72.0
2440,73.0
2441,71.0
2442,71.0
2443,73.0
2444,79.0
2445,78.0
2446,79.0
2447,75.0
2448,76.0
2449,77.0
2450,76.0
2451,76.0
2452,77.0
2453,75.0
2454,76.0
2455,75.0
2456,75.0
2457,75.0
2458,72.0
2459,75.0
2460,74.0
2461,75.0
2462,74.0
2463,73.0
2464,76.0
2465,70.0
2466,77.0
2467,75.0
2468,75.0
2469,76.0
2470,72.0
2471,73.0
2472,68.0
2473,74.0
2474,74.0
2475,73.0
2476,73.0
2477,72.0
2478,73.0
2479,74.0
2480,74.0
2481,75.0
2482,74.0
2483,74.0
2484,74.0
2485,74.0
2486,74.0
2487,75.0
2488,75.0
2489,75.0
2490,74.0
2491,75.0
2492,74.0
2493,75.0
2494,74.0
2495,73.0
2496,77.0
2497,69.0
2498,68.0
2499,69.0
2500,69.0
2501,69.0
2502,70.0
2503,69.0
2504,69.0
2505,67.0
2506,69.0
2507,70.0
2508,67.0
2509,69.0
2510,67.0
2511,60.0
2512,69.0
2513,66.0
2514,67.0
2515,64.0
2516,65.0
2517,65.0
2518,70.0
2519,70.0
2520,70.0
2521,68.0
2522,69.0
2523,67.0
2524,72.0
2525,68.0
2526,68.0
2527,69.0
2528,68.0
2529,69.0
2530,71.0
2531,70.0
2532,69.0
2533,67.0
2534,71.0
2535,70.0
2536,73.0
2537,71.0
2538,70.0
2539,71.0
2540,73.0
2541,77.0
2542,74.0
2543,75.0
2544,76.0
2545,78.0
2546,79.0
2547,76.0
2548,76.0
2549,76.0
2550,74.0
2551,77.0
2552,79.0
2553,73.0
2554,77.0
2555,78.0
2556,74.0
2557,74.0
2558,77.0
2559,74.0
2560,72.0
2561,75.0
2562,72.0
2563,81.0
2564,81.0
2565,78.0
2566,74.0
2567,77.0
2568,78.0
2569,78.0
2570,79.0
2571,81.0
2572,80.0
2573,80.0
2574,79.0
2575,80.0
2576,79.0
2577,79.0
2578,77.0
2579,78.0
2580,79.0
2581,77.0
2582,81.0
2583,77.0
2584,78.0
2585,80.0
2586,79.0
2587,79.0
2588,79.0
2589,78.0
2590,77.0
2591,77.0
2592,77.0
2593,80.0
2594,78.0
2595,79.0
2596,80.0
2597,82.0
2598,80.0
2599,80.0
2600,81.0
2601,80.0
2602,83.0
2603,83.0
2604,81.0
2605,81.0
2606,80.0
2607,82.0
2608,82.0
2609,81.0
2610,81.0
2611,82.0
2612,80.0
2613,82.0
2614,80.0
2615,79.0
2616,81.0
2617,79.0
2618,77.0
2619,78.0
2620,80.0
2621,80.0
2622,81.0
2623,81.0
2624,80.0
2625,78.0
2626,78.0
2627,78.0
2628,78.0
2629,79.0
2630,79.0
2631,79.0
2632,81.0
2633,83.0
2634,81.0
2635,78.0
2636,81.0
2637,82.0
2638,82.0
2639,82.0
2640,81.0
2641,82.0
2642,82.0
2643,82.0
2644,78.0
2645,82.0
2646,82.0
2647,82.0
2648,82.0
2649,81.0
2650,82.0
2651,81.0
2652,80.0
2653,80.0
2654,81.0
2655,81.0
2656,80.0
2657,80.0
2658,76.0
2659,77.0
2660,76.0
2661,78.0
2662,76.0
2663,74.0
2664,77.0
2665,77.0
2666,78.0
2667,77.0
2668,77.0
2669,77.0
2670,77.0
2671,79.0
2672,76.0
2673,77.0
2674,77.0
2675,78.0
2676,76.0
2677,76.0
2678,76.0
2679,77.0
2680,77.0
2681,79.0
2682,73.0
2683,74.0
2684,74.0
2685,72.0
2686,73.0
2687,73.0
2688,72.0
2689,72.0
2690,79.0
2691,74.0
2692,76.0
2693,73.0
2694,72.0
2695,75.0
2696,74.0
2697,75.0
2698,74.0
2699,76.0
2700,73.0
2701,74.0
2702,73.0
2703,75.0
2704,73.0
2705,75.0
2706,75.0
2707,80.0
2708,79.0
2709,80.0
2710,81.0
2711,83.0
2712,82.0
2713,81.0
2714,82.0
2715,83.0
2716,82.0
2717,82.0
2718,83.0
2719,81.0
2720,82.0
2721,80.0
2722,78.0
2723,80.0
2724,77.0
2725,86.0
2726,82.0
2727,76.0
2728,74.0
2729,75.0
2730,76.0
2731,71.0
2732,77.0
2733,78.0
2734,77.0
2735,77.0
2736,73.0
2737,65.0
2738,64.0
2739,64.0
2740,65.0
2741,65.0
2742,65.0
2743,65.0
2744,62.0
2745,65.0
2746,66.0
2747,65.0
2748,62.0
2749,62.0
2750,61.0
2751,65.0
2752,60.0
2753,61.0
2754,63.0
2755,59.0
2756,63.0
2757,62.0
2758,70.0
2759,67.0
2760,76.0
2761,71.0
2762,68.0
2763,67.0
2764,69.0
2765,67.0
2766,68.0
2767,69.0
2768,70.0
2769,69.0
2770,69.0
2771,68.0
2772,69.0
2773,69.0
2774,68.0
2775,69.0
2776,70.0
2777,68.0
2778,70.0
2779,71.0
2780,72.0
2781,70.0
2782,66.0
2783,68.0
2784,65.0
2785,69.0
2786,69.0
2787,73.0
2788,73.0
2789,75.0
2790,75.0
2791,76.0
2792,75.0
2793,73.0
2794,74.0
2795,74.0
2796,74.0
2797,74.0
2798,75.0
2799,74.0
2800,76.0
2801,76.0
2802,76.0
2803,75.0
2804,77.0
2805,72.0
2806,74.0
2807,77.0
2808,78.0
2809,77.0
2810,80.0
2811,80.0
2812,81.0
2813,79.0
2814,80.0
2815,80.0
2816,79.0
2817,80.0
2818,80.0
2819,80.0
2820,80.0
2821,78.0
2822,80.0
2823,79.0
2824,79.0
2825,80.0
2826,80.0
2827,80.0
2828,81.0
2829,76.0
2830,78.0
2831,79.0
2832,79.0
2833,77.0
2834,77.0
2835,81.0
2836,78.0
2837,81.0
2838,80.0
2839,80.0
2840,80.0
2841,79.0
2842,81.0
2843,76.0
2844,80.0
2845,78.0
2846,79.0
2847,81.0
2848,77.0
2849,80.0
2850,79.0
2851,79.0
2852,80.0
2853,80.0
2854,79.0
2855,79.0
2856,79.0
2857,79.0
2858,79.0
2859,79.0
2860,79.0
2861,80.0
2862,79.0
2863,80.0
2864,80.0
2865,78.0
2866,79.0
2867,80.0
2868,81.0
2869,80.0
2870,79.0
2871,79.0
2872,78.0
2873,78.0
2874,79.0
2875,77.0
2876,79.0
2877,77.0
2878,76.0
2879,76.0
2880,87.0
2881,84.0
2882,82.0
2883,82.0
2884,86.0
2885,85.0
2886,85.0
2887,91.0
2888,85.0
2889,87.0
2890,88.0
2891,88.0
2892,87.0
2893,86.0
2894,83.0
2895,85.0
2896,85.0
2897,84.0
2898,78.0
2899,77.0
2900,74.0
2901,78.0
2902,73.0
2903,74.0
2904,73.0
2905,73.0
2906,72.0
2907,78.0
2908,81.0
2909,82.0
2910,78.0
2911,77.0
2912,77.0
2913,77.0
2914,80.0
2915,80.0
2916,81.0
2917,80.0
2918,81.0
2919,82.0
2920,82.0
2921,80.0
2922,81.0
2923,81.0
2924,82.0
2925,80.0
2926,87.0
2927,88.0
2928,70.0
2929,93.0
2930,85.0
2931,86.0
2932,87.0
2933,85.0
2934,84.0
2935,86.0
2936,79.0
2937,81.0
2938,83.0
2939,81.0
2940,82.0
2941,81.0
2942,79.0
2943,80.0
2944,80.0
2945,79.0
2946,79.0
2947,78.0
2948,79.0
2949,78.0
2950,79.0
2951,81.0
2952,78.0
2953,78.0
2954,75.0
2955,79.0
2956,76.0
2957,75.0
2958,79.0
2959,78.0
2960,82.0
2961,74.0
2962,78.0
2963,77.0
2964,76.0
2965,76.0
2966,77.0
2967,77.0
2968,76.0
2969,74.0
2970,78.0
2971,78.0
2972,81.0
2973,77.0
2974,78.0
2975,79.0
2976,76.0
2977,73.0
2978,82.0
2979,84.0
2980,80.0
2981,77.0
2982,78.0
2983,80.0
2984,79.0
2985,72.0
2986,78.0
2987,73.0
2988,72.0
2989,74.0
2990,73.0
2991,80.0
2992,74.0
2993,82.0
2994,74.0
2995,83.0
2996,71.0
2997,72.0
2998,78.0
2999,78.0
3000,82.0
3001,80.0
3002,73.0
3003,73.0
3004,74.0
3005,82.0
3006,81.0
3007,81.0
3008,74.0
3009,80.0
3010,77.0
3011,74.0
3012,74.0
3013,81.0
3014,81.0
3015,81.0
3016,81.0
3017,81.0
3018,84.0
3019,83.0
3020,76.0
3021,76.0
3022,84.0
3023,82.0
3024,85.0
3025,89.0
3026,85.0
3027,81.0
3028,84.0
3029,80.0
3030,83.0
3031,81.0
3032,85.0
3033,86.0
3034,84.0
3035,84.0
3036,85.0
3037,85.0
3038,85.0
3039,87.0
3040,87.0
3041,88.0
3042,84.0
3043,83.0
3044,85.0
3045,84.0
3046,81.0
3047,80.0
3048,80.0
3049,81.0
3050,83.0
3051,84.0
3052,82.0
3053,81.0
3054,82.0
3055,80.0
3056,84.0
3057,83.0
3058,84.0
3059,83.0
3060,85.0
3061,87.0
3062,87.0
3063,80.0
3064,81.0
3065,81.0
3066,84.0
3067,80.0
3068,80.0
3069,80.0
3070,86.0
3071,79.0
3072,87.0
3073,79.0
3074,79.0
3075,79.0
3076,78.0
3077,84.0
3078,81.0
3079,81.0
3080,81.0
3081,86.0
3082,84.0
3083,83.0
3084,83.0
3085,83.0
3086,80.0
3087,85.0
3088,84.0
3089,85.0
3090,86.0
3091,84.0
3092,85.0
3093,80.0
3094,81.0
3095,82.0
3096,78.0
3097,82.0
3098,81.0
3099,81.0
3100,80.0
3101,84.0
3102,80.0
3103,80.0
3104,80.0
3105,81.0
3106,79.0
3107,79.0
3108,79.0
3109,78.0
3110,79.0
3111,78.0
3112,78.0
3113,79.0
3114,78.0
3115,79.0
3116,82.0
3117,81.0
3118,79.0
3119,79.0
3120,80.0
3121,83.0
3122,82.0
3123,81.0
3124,68.0
3125,68.0
3126,68.0
3127,69.0
3128,69.0
3129,68.0
3130,69.0
3131,66.0
3132,68.0
3133,69.0
3134,69.0
3135,68.0
3136,68.0
3137,69.0
3138,68.0
3139,67.0
3140,68.0
3141,68.0
3142,68.0
3143,69.0
3144,67.0
3145,68.0
3146,69.0
3147,69.0
3148,69.0
3149,68.0
3150,70.0
3151,69.0
3152,69.0
3153,69.0
3154,68.0
3155,69.0
3156,68.0
3157,69.0
3158,69.0
3159,70.0
3160,69.0
3161,70.0
3162,70.0
3163,70.0
3164,69.0
3165,71.0
3166,70.0
3167,70.0
3168,92.0
3169,92.0
3170,93.0
3171,94.0
3172,96.0
3173,100.0
3174,100.0
3175,100.0
3176,101.0
3177,100.0
3178,100.0
3179,101.0
3180,101.0
3181,102.0
3182,95.0
3183,88.0
3184,90.0
3185,91.0
3186,92.0
3187,91.0
3188,91.0
3189,91.0
3190,91.0
3191,92.0
3192,90.0
3193,89.0
3194,90.0
3195,90.0
3196,94.0
3197,91.0
3198,92.0
3199,92.0
3200,93.0
3201,90.0
3202,93.0
3203,93.0
3204,93.0
3205,93.0
3206,92.0
3207,91.0
3208,93.0
3209,93.0
3210,95.0
3211,91.0
3212,92.0
3213,90.0
3214,92.0
3215,92.0
3216,93.0
3217,92.0
3218,92.0
3219,91.0
3220,94.0
3221,92.0
3222,91.0
3223,91.0
3224,90.0
3225,92.0
3226,92.0
3227,92.0
3228,91.0
3229,91.0
3230,91.0
3231,91.0
3232,92.0
3233,91.0
3234,90.0
3235,89.0
3236,89.0
3237,88.0
3238,91.0
3239,91.0
3240,91.0
3241,90.0
3242,90.0
3243,90.0
3244,90.0
3245,85.0
3246,88.0
3247,88.0
3248,88.0
3249,89.0
3250,85.0
3251,82.0
3252,81.0
3253,81.0
3254,79.0
3255,80.0
3256,80.0
3257,79.0
3258,79.0
3259,79.0
3260,80.0
3261,74.0
3262,74.0
3263,77.0
3264,78.0
3265,81.0
3266,84.0
3267,82.0
3268,83.0
3269,84.0
3270,87.0
3271,87.0
3272,81.0
3273,82.0
3274,79.0
3275,77.0
3276,78.0
3277,79.0
3278,76.0
3279,78.0
3280,77.0
3281,81.0
3282,84.0
3283,82.0
3284,82.0
3285,82.0
3286,81.0
3287,81.0
3288,82.0
3289,82.0
3290,80.0
3291,83.0
3292,81.0
3293,80.0
3294,79.0
3295,79.0
3296,80.0
3297,80.0
3298,78.0
3299,79.0
3300,78.0
3301,78.0
3302,78.0
3303,77.0
3304,77.0
3305,79.0
3306,77.0
3307,77.0
3308,77.0
3309,79.0
3310,78.0
3311,77.0
3312,77.0
3313,77.0
3314,78.0
3315,78.0
3316,77.0
3317,78.0
3318,79.0
3319,79.0
3320,79.0
3321,80.0
3322,78.0
3323,78.0
3324,81.0
3325,79.0
3326,79.0
3327,80.0
3328,80.0
3329,81.0
3330,80.0
3331,81.0
3332,80.0
3333,80.0
3334,80.0
3335,80.0
3336,79.0
3337,79.0
3338,79.0
3339,76.0
3340,75.0
3341,77.0
3342,77.0
3343,77.0
3344,78.0
3345,77.0
3346,81.0
3347,81.0
3348,81.0
3349,82.0
3350,83.0
3351,84.0
3352,83.0
3353,82.0
3354,83.0
3355,84.0
3356,85.0
3357,86.0
3358,84.0
3359,84.0
3360,85.0
3361,85.0
3362,85.0
3363,85.0
3364,86.0
3365,86.0
3366,85.0
3367,84.0
3368,84.0
3369,80.0
3370,83.0
3371,82.0
3372,83.0
3373,84.0
3374,84.0
3375,84.0
3376,82.0
3377,83.0
3378,80.0
3379,81.0
3380,80.0
3381,82.0
3382,83.0
3383,80.0
3384,81.0
3385,81.0
3386,80.0
3387,81.0
3388,81.0
3389,81.0
3390,80.0
3391,82.0
3392,82.0
3393,82.0
3394,84.0
3395,83.0
3396,82.0
3397,84.0
3398,83.0
3399,82.0
3400,81.0
3401,82.0
3402,81.0
3403,82.0
3404,80.0
3405,80.0
3406,80.0
3407,79.0
3408,80.0
3409,79.0
3410,78.0
3411,74.0
3412,75.0
3413,80.0
3414,79.0
3415,78.0
3416,81.0
3417,81.0
3418,81.0
3419,78.0
3420,80.0
3421,78.0
3422,79.0
3423,80.0
3424,81.0
3425,81.0
3426,81.0
3427,81.0
3428,77.0
3429,80.0
3430,80.0
3431,80.0
3432,79.0
3433,79.0
3434,78.0
3435,78.0
3436,77.0
3437,79.0
3438,78.0
3439,78.0
3440,80.0
3441,78.0
3442,80.0
3443,79.0
3444,81.0
3445,79.0
3446,82.0
3447,80.0
3448,81.0
3449,80.0
3450,79.0
3451,81.0
3452,79.0
3453,81.0
3454,76.0
3455,78.0
3456,78.0
3457,82.0
3458,78.0
3459,80.0
3460,80.0
3461,78.0
3462,80.0
3463,81.0
3464,83.0
3465,81.0
3466,81.0
3467,81.0
3468,78.0
3469,68.0
3470,81.0
3471,80.0
3472,82.0
3473,82.0
3474,83.0
3475,82.0
3476,80.0
3477,79.0
3478,80.0
3479,79.0
3480,80.0
3481,82.0
3482,83.0
3483,82.0
3484,82.0
3485,82.0
3486,82.0
3487,82.0
3488,82.0
3489,82.0
3490,82.0
3491,83.0
3492,80.0
3493,80.0
3494,79.0
3495,77.0
3496,80.0
3497,80.0
3498,79.0
3499,80.0
3500,76.0
3501,78.0
3502,80.0
3503,82.0
3504,84.0
3505,83.0
3506,83.0
3507,82.0
3508,82.0
3509,82.0
3510,81.0
3511,81.0
3512,80.0
3513,79.0
3514,79.0
3515,77.0
3516,77.0
3517,78.0
3518,78.0
3519,79.0
3520,79.0
3521,78.0
3522,78.0
3523,78.0
3524,77.0
3525,77.0
3526,77.0
3527,79.0
3528,77.0
3529,78.0
3530,77.0
3531,77.0
3532,77.0
3533,76.0
3534,77.0
3535,78.0
3536,77.0
3537,76.0
3538,78.0
3539,77.0
3540,75.0
3541,76.0
3542,78.0
3543,75.0
3544,75.0
3545,75.0
3546,76.0
3547,77.0
3548,77.0
3549,77.0
3550,78.0
3551,77.0
3552,76.0
3553,77.0
3554,78.0
3555,78.0
3556,77.0
3557,77.0
3558,77.0
3559,76.0
3560,76.0
3561,77.0
3562,76.0
3563,77.0
3564,77.0
3565,76.0
3566,75.0
3567,76.0
3568,76.0
3569,75.0
3570,76.0
3571,77.0
3572,77.0
3573,78.0
3574,77.0
3575,77.0
3576,77.0
3577,76.0
3578,77.0
3579,77.0
3580,77.0
3581,77.0
3582,73.0
3583,73.0
3584,73.0
3585,73.0
3586,74.0
3587,74.0
3588,75.0
3589,75.0
3590,75.0
3591,76.0
3592,77.0
3593,74.0
3594,76.0
3595,77.0
3596,76.0
3597,76.0
3598,75.0
3599,74.0
3600,75.0
3601,73.0
3602,73.0
3603,74.0
3604,74.0
3605,74.0
3606,75.0
3607,74.0
3608,74.0
3609,75.0
3610,74.0
3611,74.0
3612,74.0
3613,74.0
3614,74.0
3615,74.0
3616,74.0
3617,73.0
3618,73.0
3619,72.0
3620,73.0
3621,73.0
3622,73.0
3623,71.0
3624,73.0
3625,72.0
3626,72.0
3627,74.0
3628,69.0
3629,69.0
3630,69.0
3631,69.0
3632,70.0
3633,69.0
3634,71.0
3635,70.0
3636,72.0
3637,72.0
3638,69.0
3639,70.0
3640,70.0
3641,70.0
3642,71.0
3643,66.0
3644,70.0
3645,69.0
3646,70.0
3647,69.0
3648,69.0
3649,69.0
3650,71.0
3651,70.0
3652,68.0
3653,59.0
3654,60.0
3655,61.0
3656,51.0
3657,51.0
3658,62.0
3659,61.0
3660,59.0
3661,62.0
3662,59.0
3663,59.0
3664,59.0
3665,58.0
3666,59.0
3667,58.0
3668,58.0
3669,50.0
3670,50.0
3671,49.0
3672,59.0
3673,50.0
3674,50.0
3675,58.0
3676,59.0
3677,49.0
3678,50.0
3679,49.0
3680,50.0
3681,50.0
3682,48.0
3683,59.0
3684,59.0
3685,57.0
3686,58.0
3687,66.0
3688,65.0
3689,68.0
3690,67.0
3691,72.0
3692,68.0
3693,67.0
3694,71.0
3695,69.0
3696,69.0
3697,69.0
3698,67.0
3699,68.0
3700,70.0
3701,71.0
3702,68.0
3703,67.0
3704,64.0
3705,64.0
3706,65.0
3707,65.0
3708,65.0
3709,73.0
3710,71.0
3711,65.0
3712,66.0
3713,67.0
3714,65.0
3715,65.0
3716,68.0
3717,67.0
3718,68.0
3719,68.0
3720,66.0
3721,68.0
3722,68.0
3723,68.0
3724,68.0
3725,67.0
3726,68.0
3727,67.0
3728,68.0
3729,68.0
3730,68.0
3731,68.0
3732,67.0
3733,67.0
3734,66.0
3735,67.0
3736,67.0
3737,67.0
3738,67.0
3739,67.0
3740,65.0
3741,68.0
3742,68.0
3743,68.0
3744,69.0
3745,69.0
3746,69.0
3747,69.0
3748,70.0
3749,69.0
3750,69.0
3751,71.0
3752,71.0
3753,74.0
3754,73.0
3755,73.0
3756,72.0
3757,73.0
3758,73.0
3759,74.0
3760,73.0
3761,73.0
3762,74.0
3763,74.0
3764,74.0
3765,75.0
3766,76.0
3767,77.0
3768,78.0
3769,77.0
3770,76.0
3771,78.0
3772,77.0
3773,78.0
3774,76.0
3775,76.0
3776,75.0
3777,74.0
3778,73.0
3779,78.0
3780,78.0
3781,73.0
3782,77.0
3783,78.0
3784,75.0
3785,78.0
3786,77.0
3787,77.0
3788,75.0
3789,76.0
3790,77.0
3791,77.0
3792,74.0
3793,79.0
3794,80.0
3795,77.0
3796,78.0
3797,80.0
3798,78.0
3799,79.0
3800,79.0
3801,79.0
3802,79.0
3803,80.0
3804,78.0
3805,77.0
3806,77.0
3807,79.0
3808,78.0
3809,78.0
3810,79.0
3811,78.0
3812,78.0
3813,78.0
3814,78.0
3815,77.0
3816,77.0
3817,77.0
3818,76.0
3819,77.0
3820,74.0
3821,75.0
3822,74.0
3823,75.0
3824,76.0
3825,77.0
3826,77.0
3827,76.0
3828,77.0
3829,77.0
3830,78.0
3831,77.0
3832,78.0
3833,77.0
3834,78.0
3835,77.0
3836,72.0
3837,71.0
3838,71.0
3839,70.0
3840,71.0
3841,70.0
3842,70.0
3843,72.0
3844,72.0
3845,70.0
3846,70.0
3847,76.0
3848,76.0
3849,75.0
3850,76.0
3851,75.0
3852,75.0
3853,75.0
3854,75.0
3855,76.0
3856,75.0
3857,76.0
3858,75.0
3859,76.0
3860,75.0
3861,74.0
3862,73.0
3863,74.0
3864,72.0
3865,74.0
3866,75.0
3867,74.0
3868,75.0
3869,75.0
3870,74.0
3871,74.0
3872,74.0
3873,74.0
3874,74.0
3875,74.0
3876,74.0
3877,74.0
3878,73.0
3879,74.0
3880,74.0
3881,74.0
3882,74.0
3883,73.0
3884,72.0
3885,72.0
3886,72.0
3887,71.0
3888,71.0
3889,71.0
3890,71.0
3891,71.0
3892,71.0
3893,70.0
3894,70.0
3895,72.0
3896,72.0
3897,71.0
3898,71.0
3899,71.0
3900,72.0
3901,72.0
3902,73.0
3903,69.0
3904,74.0
3905,73.0
3906,73.0
3907,73.0
3908,74.0
3909,72.0
3910,74.0
3911,74.0
3912,73.0
3913,73.0
3914,73.0
3915,74.0
3916,73.0
3917,73.0
3918,72.0
3919,74.0
3920,72.0
3921,72.0
3922,73.0
3923,68.0
3924,69.0
3925,71.0
3926,71.0
3927,70.0
3928,66.0
3929,67.0
3930,66.0
3931,68.0
3932,67.0
3933,65.0
3934,67.0
3935,68.0
3936,68.0
3937,66.0
3938,66.0
3939,66.0
3940,67.0
3941,66.0
3942,65.0
3943,66.0
3944,67.0
3945,66.0
3946,65.0
3947,65.0
3948,64.0
3949,64.0
3950,64.0
3951,64.0
3952,64.0
3953,64.0
3954,64.0
3955,64.0
3956,65.0
3957,65.0
3958,65.0
3959,65.0
3960,65.0
3961,64.0
3962,65.0
3963,65.0
3964,65.0
3965,66.0
3966,65.0
3967,66.0
3968,65.0
3969,64.0
3970,65.0
3971,65.0
3972,65.0
3973,66.0
3974,65.0
3975,66.0
3976,66.0
3977,66.0
3978,66.0
3979,65.0
3980,64.0
3981,66.0
3982,67.0
3983,66.0
3984,64.0
3985,64.0
3986,66.0
3987,64.0
3988,64.0
3989,64.0
3990,64.0
3991,64.0
3992,64.0
3993,65.0
3994,63.0
3995,64.0
3996,64.0
3997,64.0
3998,63.0
3999,64.0
4000,64.0
4001,63.0
4002,64.0
4003,64.0
4004,63.0
4005,62.0
4006,64.0
4007,62.0
4008,63.0
4009,63.0
4010,64.0
4011,65.0
4012,64.0
4013,63.0
4014,63.0
4015,60.0
4016,62.0
4017,62.0
4018,63.0
4019,63.0
4020,63.0
4021,62.0
4022,63.0
4023,62.0
4024,62.0
4025,63.0
4026,63.0
4027,63.0
4028,62.0
4029,64.0
4030,62.0
4031,61.0
4032,61.0
4033,61.0
4034,61.0
4035,62.0
4036,62.0
4037,61.0
4038,61.0
4039,62.0
4040,62.0
4041,61.0
4042,61.0
4043,61.0
4044,62.0
4045,61.0
4046,61.0
4047,61.0
4048,61.0
4049,61.0
4050,61.0
4051,61.0
4052,63.0
4053,63.0
4054,65.0
4055,65.0
4056,65.0
4057,66.0
4058,66.0
4059,66.0
4060,67.0
4061,65.0
4062,65.0
4063,70.0
4064,68.0
4065,69.0
4066,69.0
4067,69.0
4068,67.0
4069,69.0
4070,68.0
4071,70.0
4072,68.0
4073,68.0
4074,70.0
4075,70.0
4076,67.0
4077,66.0
4078,69.0
4079,68.0
4080,68.0
4081,68.0
4082,69.0
4083,68.0
4084,68.0
4085,68.0
4086,68.0
4087,70.0
4088,66.0
4089,68.0
4090,69.0
4091,67.0
4092,70.0
4093,69.0
4094,67.0
4095,70.0
4096,72.0
4097,72.0
4098,72.0
4099,70.0
4100,70.0
4101,71.0
4102,71.0
4103,68.0
4104,68.0
4105,68.0
4106,67.0
4107,67.0
4108,66.0
4109,65.0
4110,66.0
4111,64.0
4112,63.0
4113,62.0
4114,64.0
4115,63.0
4116,63.0
4117,65.0
4118,65.0
4119,65.0
4120,65.0
4121,65.0
4122,65.0
4123,64.0
4124,64.0
4125,64.0
4126,64.0
4127,63.0
4128,63.0
4129,63.0
4130,63.0
4131,64.0
4132,65.0
4133,63.0
4134,64.0
4135,64.0
4136,64.0
4137,65.0
4138,65.0
4139,64.0
4140,65.0
4141,64.0
4142,65.0
4143,64.0
4144,65.0
4145,65.0
4146,65.0
4147,65.0
4148,65.0
4149,65.0
4150,65.0
4151,66.0
4152,66.0
4153,64.0
4154,65.0
4155,62.0
4156,64.0
4157,65.0
4158,64.0
4159,65.0
4160,66.0
4161,66.0
4162,66.0
4163,65.0
4164,66.0
4165,67.0
4166,70.0
4167,70.0
4168,69.0
4169,70.0
4170,69.0
4171,69.0
4172,70.0
4173,69.0
4174,69.0
4175,69.0
4176,68.0
4177,68.0
4178,69.0
4179,67.0
4180,67.0
4181,69.0
4182,69.0
4183,69.0
4184,68.0
4185,68.0
4186,70.0
4187,70.0
4188,70.0
4189,70.0
4190,69.0
4191,70.0
4192,71.0
4193,70.0
4194,68.0
4195,71.0
4196,71.0
4197,70.0
4198,64.0
4199,70.0
4200,70.0
4201,70.0
4202,68.0
4203,69.0
4204,68.0
4205,66.0
4206,66.0
4207,64.0
4208,66.0
4209,66.0
4210,67.0
4211,66.0
4212,67.0
4213,66.0
4214,67.0
4215,67.0
4216,66.0
4217,66.0
4218,66.0
4219,66.0
4220,66.0
4221,67.0
4222,67.0
4223,68.0
4224,65.0
4225,65.0
4226,65.0
4227,65.0
4228,64.0
4229,63.0
4230,64.0
4231,64.0
4232,64.0
4233,64.0
4234,63.0
4235,63.0
4236,62.0
4237,62.0
4238,62.0
4239,60.0
4240,63.0
4241,63.0
4242,62.0
4243,61.0
4244,63.0
4245,64.0
4246,63.0
4247,61.0
4248,62.0
4249,61.0
4250,61.0
4251,61.0
4252,59.0
4253,59.0
4254,60.0
4255,59.0
4256,61.0
4257,58.0
4258,59.0
4259,60.0
4260,59.0
4261,58.0
4262,60.0
4263,57.0
4264,57.0
4265,57.0
4266,57.0
4267,56.0
4268,53.0
4269,56.0
4270,54.0
4271,54.0
4272,53.0
4273,53.0
4274,53.0
4275,54.0
4276,53.0
4277,53.0
4278,53.0
4279,52.0
4280,53.0
4281,53.0
4282,53.0
4283,55.0
4284,55.0
4285,55.0
4286,56.0
4287,55.0
4288,49.0
4289,56.0
4290,57.0
4291,57.0
4292,57.0
4293,58.0
4294,56.0
4295,55.0
4296,56.0
4297,57.0
4298,56.0
4299,57.0
4300,56.0
4301,57.0
4302,57.0
4303,57.0
4304,56.0
4305,51.0
4306,52.0
4307,51.0
4308,51.0
4309,51.0
4310,51.0
4311,51.0
4312,51.0
4313,51.0
4314,51.0
4315,51.0
4316,51.0
4317,52.0
4318,52.0
4319,52.0
4320,53.0
4321,52.0
4322,53.0
4323,52.0
4324,53.0
4325,52.0
4326,53.0
4327,51.0
4328,56.0
4329,57.0
4330,56.0
4331,59.0
4332,59.0
4333,58.0
4334,51.0
4335,52.0
4336,50.0
4337,51.0
4338,52.0
4339,52.0
4340,53.0
4341,52.0
4342,53.0
4343,48.0
4344,48.0
4345,48.0
4346,48.0
4347,48.0
4348,49.0
4349,50.0
4350,49.0
4351,49.0
4352,50.0
4353,49.0
4354,50.0
4355,48.0
4356,49.0
4357,49.0
4358,48.0
4359,48.0
4360,47.0
4361,48.0
4362,48.0
4363,49.0
4364,47.0
4365,47.0
4366,46.0
4367,47.0
4368,46.0
4369,46.0
4370,47.0
4371,45.0
4372,46.0
4373,47.0
4374,46.0
4375,47.0
4376,46.0
4377,44.0
4378,44.0
4379,42.0
4380,44.0
4381,43.0
4382,44.0
4383,46.0
4384,44.0
4385,43.0
4386,43.0
4387,44.0
4388,40.0
4389,41.0
4390,41.0
4391,43.0
4392,41.0
4393,41.0
4394,40.0
4395,41.0
4396,45.0
4397,42.0
4398,41.0
4399,41.0
4400,42.0
4401,42.0
4402,42.0
4403,42.0
4404,42.0
4405,43.0
4406,42.0
4407,42.0
4408,41.0
4409,42.0
4410,42.0
4411,42.0
4412,42.0
4413,43.0
4414,40.0
4415,40.0
4416,40.0
4417,40.0
4418,40.0
4419,40.0
4420,40.0
4421,41.0
4422,39.0
4423,41.0
4424,40.0
4425,39.0
4426,40.0
4427,40.0
4428,39.0
4429,39.0
4430,39.0
4431,39.0
4432,39.0
4433,38.0
4434,36.0
4435,37.0
4436,41.0
4437,41.0
4438,42.0
4439,42.0
4440,43.0
4441,40.0
4442,37.0
4443,39.0
4444,38.0
4445,39.0
4446,35.0
4447,39.0
4448,39.0
4449,33.0
4450,33.0
4451,32.0
4452,32.0
4453,34.0
4454,34.0
4455,34.0
4456,34.0
4457,32.0
4458,32.0
4459,35.0
4460,35.0
4461,36.0
4462,36.0
4463,35.0
4464,35.0
4465,35.0
4466,34.0
4467,34.0
4468,32.0
4469,35.0
4470,37.0
4471,36.0
4472,37.0
4473,37.0
4474,37.0
4475,37.0
4476,38.0
4477,36.0
4478,37.0
4479,38.0
4480,38.0
4481,37.0
4482,37.0
4483,36.0
4484,36.0
4485,29.0
4486,28.0
4487,29.0
4488,30.0
4489,27.0
4490,27.0
4491,30.0
4492,28.0
4493,30.0
4494,30.0
4495,29.0
4496,31.0
4497,30.0
4498,29.0
4499,30.0
4500,30.0
4501,26.0
4502,29.0
4503,30.0
4504,29.0
4505,31.0
4506,31.0
4507,31.0
4508,31.0
4509,29.0
4510,30.0
4511,28.0
4512,29.0
4513,29.0
4514,29.0
4515,30.0
4516,29.0
4517,30.0
4518,30.0
4519,28.0
4520,28.0
4521,28.0
4522,29.0
4523,29.0
4524,30.0
4525,30.0
4526,32.0
4527,30.0
4528,30.0
4529,30.0
4530,29.0
4531,27.0
4532,25.0
4533,25.0
4534,25.0
4535,25.0
4536,26.0
4537,26.0
4538,26.0
4539,26.0
4540,26.0
4541,26.0
4542,26.0
4543,25.0
4544,25.0
4545,24.0
4546,25.0
4547,25.0
4548,25.0
4549,25.0
4550,24.0
4551,17.0
4552,16.0
4553,17.0
4554,17.0
4555,14.0
4556,15.0
4557,15.0
4558,14.0
4559,15.0
4560,15.0
4561,15.0
4562,15.0
4563,15.0
4564,15.0
4565,15.0
4566,15.0
4567,15.0
4568,15.0
4569,15.0
4570,15.0
4571,15.0
4572,15.0
4573,14.0
4574,14.0
4575,14.0
4576,14.0
4577,14.0
4578,14.0
4579,14.0
4580,14.0
4581,14.0
4582,14.0
4583,14.0
4584,14.0
4585,14.0
4586,14.0
4587,14.0
4588,14.0
4589,14.0
4590,14.0
4591,14.0
4592,14.0
4593,14.0
4594,13.0
4595,13.0
4596,13.0
4597,13.0
4598,13.0
4599,13.0
4600,13.0
4601,12.0
4602,13.0
4603,13.0
4604,13.0
4605,13.0
4606,13.0
4607,12.0
4608,13.0
4609,13.0
4610,12.0
4611,13.0
4612,13.0
4613,13.0
4614,13.0
4615,12.0
4616,13.0
4617,13.0
4618,12.0
4619,13.0
4620,13.0
4621,13.0
4622,13.0
4623,13.0
4624,13.0
4625,13.0
4626,13.0
4627,13.0
4628,13.0
4629,13.0
4630,13.0
4631,13.0
4632,13.0
4633,12.0
4634,12.0
4635,12.0
4636,12.0
4637,12.0
4638,12.0
4639,13.0
4640,12.0
4641,12.0
4642,12.0
4643,12.0
4644,12.0
4645,13.0
4646,12.0
4647,13.0
4648,12.0
4649,12.0
4650,12.0
4651,12.0
4652,12.0
4653,12.0
4654,12.0
4655,12.0
4656,12.0
4657,12.0
4658,12.0
4659,12.0
4660,12.0
4661,12.0
4662,12.0
4663,12.0
4664,12.0
4665,12.0
4666,12.0
4667,13.0
4668,12.0
4669,12.0
4670,12.0
4671,13.0
4672,12.0
4673,13.0
4674,12.0
4675,12.0
4676,12.0
4677,12.0
4678,12.0
4679,12.0
4680,12.0
4681,12.0
4682,12.0
4683,12.0
4684,12.0
4685,12.0
4686,12.0
4687,12.0
4688,12.0
4689,12.0
4690,12.0
4691,12.0
4692,12.0
4693,12.0
4694,12.0
4695,12.0
4696,12.0
4697,12.0
4698,12.0
4699,11.0
4700,12.0
4701,12.0
4702,11.0
4703,12.0
4704,12.0
4705,11.0
4706,12.0
4707,11.0
4708,12.0
4709,12.0
4710,12.0
4711,12.0
4712,12.0
4713,11.0
4714,12.0
4715,12.0
4716,11.0
4717,12.0
4718,11.0
4719,12.0
4720,12.0
4721,12.0
4722,12.0
4723,12.0
4724,12.0
4725,12.0
4726,12.0
4727,11.0
4728,12.0
4729,12.0
4730,12.0
4731,12.0
4732,12.0
4733,12.0
4734,11.0
4735,12.0
4736,12.0
4737,12.0
4738,12.0
4739,12.0
4740,12.0
4741,12.0
4742,12.0
4743,12.0
4744,12.0
4745,12.0
4746,12.0
4747,12.0
4748,12.0
4749,12.0
4750,12.0
4751,12.0
4752,12.0
4753,12.0
4754,12.0
4755,12.0
4756,11.0
4757,12.0
4758,12.0
4759,12.0
4760,12.0
4761,12.0
4762,12.0
4763,12.0
4764,12.0
4765,12.0
4766,12.0
4767,12.0
4768,12.0
4769,12.0
4770,12.0
4771,11.0
4772,11.0
4773,12.0
4774,12.0
4775,12.0
4776,12.0
4777,12.0
4778,12.0
4779,11.0
4780,12.0
4781,11.0
4782,12.0
4783,12.0
4784,11.0
4785,12.0
4786,11.0
4787,11.0
4788,12.0
4789,11.0
4790,12.0
4791,12.0
4792,11.0
4793,12.0
4794,12.0
4795,12.0
4796,12.0
4797,11.0
4798,12.0
4799,12.0
4800,11.0
4801,12.0
4802,11.0
4803,11.0
4804,12.0
4805,11.0
4806,11.0
4807,12.0
4808,11.0
4809,12.0
4810,11.0
4811,11.0
4812,12.0
4813,11.0
4814,12.0
4815,12.0
4816,11.0
4817,12.0
4818,11.0
4819,11.0
4820,11.0
4821,12.0
4822,11.0
4823,12.0
4824,12.0
4825,12.0
4826,12.0
4827,12.0
4828,11.0
4829,12.0
4830,12.0
4831,11.0
4832,11.0
4833,12.0
4834,12.0
4835,12.0
4836,12.0
4837,11.0
4838,11.0
4839,12.0
4840,11.0
4841,12.0
4842,12.0
4843,11.0
4844,12.0
4845,12.0
4846,12.0
4847,11.0
4848,12.0
4849,11.0
4850,11.0
4851,11.0
4852,11.0
4853,12.0
4854,11.0
4855,11.0
4856,12.0
4857,11.0
4858,12.0
4859,11.0
4860,11.0
4861,11.0
4862,12.0
4863,12.0
4864,12.0
4865,12.0
4866,11.0
4867,12.0
4868,12.0
4869,12.0
4870,12.0
4871,12.0
4872,11.0
4873,11.0
4874,11.0
4875,11.0
4876,12.0
4877,11.0
4878,12.0
4879,12.0
4880,11.0
4881,11.0
4882,12.0
4883,11.0
4884,11.0
4885,11.0
4886,11.0
4887,12.0
4888,12.0
4889,12.0
4890,11.0
4891,12.0
4892,11.0
4893,11.0
4894,12.0
4895,12.0
4896,11.0
4897,11.0
4898,11.0
4899,11.0
4900,11.0
4901,12.0
4902,11.0
4903,12.0
4904,12.0
4905,11.0
4906,12.0
4907,12.0
4908,12.0
4909,12.0
4910,12.0
4911,12.0
4912,12.0
4913,11.0
4914,12.0
4915,12.0
4916,12.0
4917,11.0
4918,12.0
4919,12.0
4920,12.0
4921,11.0
4922,11.0
4923,11.0
4924,11.0
4925,11.0
4926,12.0
4927,11.0
4928,11.0
4929,12.0
4930,11.0
4931,12.0
4932,12.0
4933,12.0
4934,12.0
4935,11.0
4936,12.0
4937,11.0
4938,11.0
4939,11.0
4940,12.0
4941,11.0
4942,11.0
4943,11.0
4944,12.0
4945,12.0
4946,12.0
4947,11.0
4948,12.0
4949,12.0
4950,11.0
4951,12.0
4952,11.0
4953,12.0
4954,11.0
4955,12.0
4956,11.0
4957,11.0
4958,11.0
4959,11.0
4960,11.0
4961,12.0
4962,12.0
4963,11.0
4964,12.0
4965,12.0
4966,12.0
4967,11.0
4968,11.0
4969,12.0
4970,11.0
4971,11.0
4972,11.0
4973,11.0
4974,12.0
4975,11.0
4976,11.0
4977,12.0
4978,11.0
4979,11.0
4980,12.0
4981,11.0
4982,11.0
4983,12.0
4984,11.0
4985,11.0
4986,11.0
4987,12.0
4988,11.0
4989,11.0
4990,11.0
4991,11.0
4992,12.0
4993,12.0
4994,11.0
4995,11.0
4996,12.0
4997,12.0
4998,11.0
4999,11.0
5000,11.0
5001,11.0
5002,11.0
5003,11.0
5004,12.0
5005,12.0
5006,11.0
5007,11.0
5008,11.0
5009,11.0
5010,12.0
5011,11.0
5012,11.0
5013,12.0
5014,11.0
5015,12.0
5016,11.0
5017,12.0
5018,11.0
5019,12.0
5020,12.0
5021,12.0
5022,11.0
5023,11.0
5024,12.0
5025,11.0
5026,11.0
5027,11.0
5028,12.0
5029,11.0
5030,11.0
5031,12.0
5032,11.0
5033,11.0
5034,11.0
5035,11.0
5036,12.0
5037,12.0
5038,11.0
5039,12.0
5040,11.0
5041,11.0
5042,12.0
5043,12.0
5044,11.0
5045,11.0
5046,11.0
5047,11.0
5048,11.0
5049,12.0
5050,11.0
5051,11.0
5052,11.0
5053,12.0
5054,11.0
5055,11.0
5056,11.0
5057,11.0
5058,11.0
5059,11.0
5060,12.0
5061,11.0
5062,11.0
5063,11.0
5064,12.0
5065,11.0
5066,11.0
5067,12.0
5068,11.0
5069,11.0
5070,11.0
5071,11.0
5072,11.0
5073,11.0
5074,11.0
5075,11.0
5076,11.0
5077,11.0
5078,12.0
5079,11.0
5080,11.0
5081,12.0
5082,11.0
5083,11.0
5084,12.0
5085,11.0
5086,12.0
5087,12.0
5088,12.0
5089,11.0
5090,12.0
5091,12.0
5092,11.0
5093,11.0
5094,11.0
5095,11.0
5096,12.0
5097,12.0
5098,11.0
5099,12.0
5100,11.0
5101,11.0
5102,11.0
5103,11.0
5104,11.0
5105,11.0
5106,12.0
5107,11.0
5108,11.0
5109,11.0
5110,11.0
5111,11.0
5112,11.0
5113,11.0
5114,11.0
5115,11.0
5116,11.0
5117,11.0
5118,11.0
5119,11.0
5120,12.0
5121,11.0
5122,11.0
5123,11.0
5124,11.0
5125,11.0
5126,12.0
5127,11.0
5128,11.0
5129,11.0
5130,11.0
5131,11.0
5132,11.0
5133,11.0
5134,11.0
5135,11.0
5136,12.0
5137,11.0
5138,11.0
5139,12.0
5140,11.0
5141,11.0
5142,11.0
5143,11.0
5144,11.0
5145,11.0
5146,11.0
5147,12.0
5148,11.0
5149,11.0
5150,11.0
5151,11.0
5152,11.0
5153,11.0
5154,11.0
5155,11.0
5156,11.0
5157,12.0
5158,11.0
5159,11.0
5160,11.0
5161,11.0
5162,11.0
5163,12.0
5164,11.0
5165,12.0
5166,11.0
5167,11.0
5168,11.0
5169,11.0
5170,11.0
5171,11.0
5172,11.0
5173,11.0
5174,11.0
5175,12.0
5176,11.0
5177,11.0
5178,11.0
5179,11.0
5180,11.0
5181,12.0
5182,11.0
5183,11.0
5184,11.0
5185,11.0
5186,11.0
5187,12.0
5188,11.0
5189,11.0
5190,11.0
5191,11.0
5192,11.0
5193,11.0
5194,12.0
5195,12.0
5196,11.0
5197,11.0
5198,12.0
5199,11.0
5200,11.0
5201,11.0
5202,11.0
5203,11.0
5204,12.0
5205,11.0
5206,11.0
5207,11.0
5208,11.0
5209,12.0
5210,12.0
5211,11.0
5212,12.0
5213,12.0
5214,11.0
5215,11.0
5216,11.0
5217,11.0
5218,11.0
5219,11.0
5220,11.0
5221,11.0
5222,11.0
5223,12.0
5224,11.0
5225,11.0
5226,11.0
5227,11.0
5228,11.0
5229,11.0
5230,12.0
5231,11.0
5232,11.0
5233,11.0
5234,11.0
5235,11.0
5236,11.0
5237,11.0
5238,12.0
5239,11.0
5240,11.0
5241,11.0
5242,11.0
5243,11.0
5244,11.0
5245,11.0
5246,11.0
5247,11.0
5248,11.0
5249,11.0
5250,11.0
5251,11.0
5252,11.0
5253,11.0
5254,11.0
5255,11.0
5256,11.0
5257,11.0
5258,11.0
5259,11.0
5260,11.0
5261,11.0
5262,11.0
5263,12.0
5264,11.0
5265,12.0
5266,11.0
5267,11.0
5268,11.0
5269,11.0
5270,11.0
5271,11.0
5272,11.0
5273,11.0
5274,11.0
5275,11.0
5276,11.0
5277,11.0
5278,11.0
5279,11.0
5280,11.0
5281,11.0
5282,11.0
5283,11.0
5284,11.0
5285,11.0
5286,11.0
5287,11.0
5288,11.0
5289,11.0
5290,11.0
5291,11.0
5292,11.0
5293,11.0
5294,11.0
5295,12.0
5296,11.0
5297,11.0
5298,12.0
5299,11.0
5300,11.0
5301,11.0
5302,11.0
5303,11.0
5304,11.0
5305,11.0
5306,11.0
5307,11.0
5308,11.0
5309,11.0
5310,11.0
5311,11.0
5312,11.0
5313,11.0
5314,11.0
5315,11.0
5316,11.0
5317,11.0
5318,11.0
5319,11.0
5320,11.0
5321,11.0
5322,11.0
5323,11.0
5324,11.0
5325,10.0
5326,11.0
5327,11.0
5328,11.0
5329,11.0
5330,11.0
5331,12.0
5332,11.0
5333,11.0
5334,11.0
5335,11.0
5336,11.0
5337,11.0
5338,11.0
5339,12.0
5340,11.0
5341,11.0
5342,11.0
5343,11.0
5344,11.0
5345,12.0
5346,11.0
5347,11.0
5348,11.0
5349,11.0
5350,11.0
5351,11.0
5352,11.0
5353,11.0
5354,12.0
5355,11.0
5356,11.0
5357,11.0
5358,11.0
5359,11.0
5360,11.0
5361,12.0
5362,11.0
5363,11.0
5364,11.0
5365,12.0
5366,11.0
5367,11.0
5368,12.0
5369,11.0
5370,11.0
5371,11.0
5372,11.0
5373,11.0
5374,11.0
5375,11.0
5376,11.0
5377,11.0
5378,11.0
5379,11.0
5380,11.0
5381,11.0
5382,11.0
5383,11.0
5384,11.0
5385,11.0
5386,11.0
5387,11.0
5388,11.0
5389,11.0
5390,11.0
5391,11.0
5392,11.0
5393,11.0
5394,11.0
5395,11.0
5396,11.0
5397,11.0
5398,11.0
5399,11.0
5400,11.0
5401,11.0
5402,11.0
5403,11.0
5404,11.0
5405,11.0
5406,11.0
5407,11.0
5408,11.0
5409,11.0
5410,11.0
5411,11.0
5412,11.0
5413,11.0
5414,10.0
5415,11.0
5416,11.0
5417,11.0
5418,11.0
5419,11.0
5420,11.0
5421,11.0
5422,11.0
5423,12.0
5424,11.0
5425,11.0
5426,11.0
5427,11.0
5428,11.0
5429,11.0
5430,11.0
5431,11.0
5432,11.0
5433,11.0
5434,11.0
5435,11.0
5436,11.0
5437,11.0
5438,12.0
5439,11.0
5440,11.0
5441,11.0
5442,11.0
5443,11.0
5444,11.0
5445,11.0
5446,11.0
5447,11.0
5448,11.0
5449,11.0
5450,11.0
5451,11.0
5452,11.0
5453,11.0
5454,12.0
5455,11.0
5456,11.0
5457,11.0
5458,11.0
5459,11.0
5460,11.0
5461,11.0
5462,11.0
5463,11.0
5464,11.0
5465,11.0
5466,11.0
5467,11.0
5468,11.0
5469,11.0
5470,11.0
5471,11.0
5472,11.0
5473,11.0
5474,11.0
5475,11.0
5476,11.0
5477,11.0
5478,11.0
5479,11.0
5480,11.0
5481,11.0
5482,11.0
5483,11.0
5484,11.0
5485,11.0
5486,11.0
5487,11.0
5488,11.0
5489,11.0
5490,11.0
5491,11.0
5492,11.0
5493,11.0
5494,11.0
5495,11.0
5496,11.0
5497,11.0
5498,11.0
5499,11.0
5500,11.0
5501,11.0
5502,12.0
5503,11.0
5504,11.0
5505,11.0
5506,11.0
5507,11.0
5508,11.0
5509,11.0
5510,11.0
5511,11.0
5512,11.0
5513,11.0
5514,11.0
5515,11.0
5516,11.0
5517,11.0
5518,11.0
5519,11.0
5520,11.0
5521,11.0
5522,11.0
5523,12.0
5524,11.0
5525,11.0
5526,11.0
5527,11.0
5528,12.0
5529,11.0
5530,11.0
5531,11.0
5532,11.0
5533,11.0
5534,11.0
5535,11.0
5536,11.0
5537,11.0
5538,11.0
5539,11.0
5540,11.0
5541,11.0
5542,11.0
5543,11.0
5544,11.0
5545,11.0
5546,11.0
5547,11.0
5548,11.0
5549,11.0
5550,11.0
5551,11.0
5552,11.0
5553,11.0
5554,11.0
5555,11.0
5556,11.0
5557,11.0
5558,11.0
5559,11.0
5560,11.0
5561,11.0
5562,11.0
5563,11.0
5564,11.0
5565,11.0
5566,11.0
5567,11.0
5568,12.0
5569,11.0
5570,11.0
5571,11.0
5572,11.0
5573,11.0
5574,11.0
5575,11.0
5576,11.0
5577,12.0
5578,11.0
5579,11.0
5580,11.0
5581,11.0
5582,11.0
5583,11.0
5584,11.0
5585,11.0
5586,11.0
5587,11.0
5588,12.0
5589,11.0
5590,11.0
5591,11.0
5592,10.0
5593,11.0
5594,12.0
5595,11.0
5596,11.0
5597,11.0
5598,11.0
5599,11.0
5600,11.0
5601,10.0
5602,11.0
5603,11.0
5604,11.0
5605,11.0
5606,11.0
5607,11.0
5608,11.0
5609,11.0
5610,11.0
5611,11.0
5612,11.0
5613,11.0
5614,11.0
5615,11.0
5616,11.0
5617,11.0
5618,11.0
5619,11.0
5620,11.0
5621,11.0
5622,11.0
5623,11.0
5624,12.0
5625,11.0
5626,11.0
5627,11.0
5628,11.0
5629,11.0
5630,10.0
5631,11.0
5632,11.0
5633,10.0
5634,11.0
5635,11.0
5636,11.0
5637,11.0
5638,11.0
5639,11.0
5640,11.0
5641,11.0
5642,11.0
5643,11.0
5644,11.0
5645,11.0
5646,11.0
5647,11.0
5648,11.0
5649,11.0
5650,11.0
5651,11.0
5652,11.0
5653,11.0
5654,12.0
5655,11.0
5656,11.0
5657,11.0
5658,10.0
5659,11.0
5660,11.0
5661,11.0
5662,11.0
5663,11.0
5664,11.0
5665,11.0
5666,11.0
5667,11.0
5668,11.0
5669,11.0
5670,11.0
5671,11.0
5672,11.0
5673,11.0
5674,11.0
5675,11.0
5676,11.0
5677,11.0
5678,11.0
5679,11.0
5680,11.0
5681,11.0
5682,10.0
5683,11.0
5684,11.0
5685,11.0
5686,11.0
5687,11.0
5688,11.0
5689,11.0
5690,11.0
5691,11.0
5692,11.0
5693,11.0
5694,11.0
5695,11.0
5696,11.0
5697,11.0
5698,11.0
5699,11.0
5700,11.0
5701,11.0
5702,11.0
5703,11.0
5704,11.0
5705,11.0
5706,12.0
5707,11.0
5708,11.0
5709,11.0
5710,11.0
5711,11.0
5712,11.0
5713,11.0
5714,11.0
5715,11.0
5716,11.0
5717,11.0
5718,11.0
5719,11.0
5720,11.0
5721,11.0
5722,12.0
5723,11.0
5724,11.0
5725,11.0
5726,11.0
5727,11.0
5728,11.0
5729,11.0
5730,11.0
5731,11.0
5732,10.0
5733,11.0
5734,11.0
5735,11.0
5736,11.0
5737,11.0
5738,11.0
5739,11.0
5740,11.0
5741,11.0
5742,11.0
5743,11.0
5744,11.0
5745,11.0
5746,11.0
5747,11.0
5748,11.0
5749,11.0
5750,11.0
5751,11.0
5752,11.0
5753,11.0
5754,11.0
5755,11.0
5756,11.0
5757,11.0
5758,11.0
5759,11.0
5760,11.0
5761,11.0
5762,11.0
5763,11.0
5764,11.0
5765,11.0
5766,11.0
5767,11.0
5768,11.0
5769,11.0
5770,11.0
5771,10.0
5772,11.0
5773,11.0
5774,11.0
5775,11.0
5776,11.0
5777,10.0
5778,11.0
5779,11.0
5780,11.0
5781,11.0
5782,11.0
5783,10.0
5784,11.0
5785,11.0
5786,11.0
5787,11.0
5788,11.0
5789,11.0
5790,11.0
5791,11.0
5792,11.0
5793,11.0
5794,11.0
5795,11.0
5796,12.0
5797,11.0
5798,11.0
5799,11.0
5800,11.0
5801,11.0
5802,11.0
5803,11.0
5804,11.0
5805,11.0
5806,11.0
5807,10.0
5808,11.0
5809,11.0
5810,11.0
5811,11.0
5812,11.0
5813,11.0
5814,11.0
5815,11.0
5816,11.0
5817,11.0
5818,11.0
5819,11.0
5820,11.0
5821,11.0
5822,11.0
5823,11.0
5824,11.0
5825,11.0
5826,11.0
5827,11.0
5828,11.0
5829,11.0
5830,11.0
5831,11.0
5832,11.0
5833,11.0
5834,11.0
5835,11.0
5836,11.0
5837,11.0
5838,11.0
5839,11.0
5840,11.0
5841,11.0
5842,11.0
5843,11.0
5844,11.0
5845,11.0
5846,11.0
5847,11.0
5848,11.0
5849,11.0
5850,11.0
5851,11.0
5852,11.0
5853,11.0
5854,11.0
5855,11.0
5856,11.0
5857,11.0
5858,11.0
5859,11.0
5860,11.0
5861,10.0
5862,11.0
5863,11.0
5864,11.0
5865,11.0
5866,11.0
5867,11.0
5868,10.0
5869,11.0
5870,11.0
5871,12.0
5872,11.0
5873,11.0
5874,11.0
5875,11.0
5876,11.0
5877,11.0
5878,11.0
5879,11.0
5880,11.0
5881,11.0
5882,11.0
5883,11.0
5884,11.0
5885,11.0
5886,11.0
5887,11.0
5888,12.0
5889,11.0
5890,11.0
5891,11.0
5892,10.0
5893,11.0
5894,11.0
5895,10.0
5896,11.0
5897,11.0
5898,11.0
5899,11.0
5900,11.0
5901,11.0
5902,11.0
5903,11.0
5904,11.0
5905,11.0
5906,11.0
5907,11.0
5908,11.0
5909,10.0
5910,10.0
5911,11.0
5912,11.0
5913,11.0
5914,11.0
5915,10.0
5916,11.0
5917,11.0
5918,11.0
5919,11.0
5920,11.0
5921,11.0
5922,11.0
5923,11.0
5924,11.0
5925,11.0
5926,11.0
5927,11.0
5928,11.0
5929,11.0
5930,11.0
5931,11.0
5932,11.0
5933,10.0
5934,11.0
5935,11.0
5936,11.0
5937,11.0
5938,11.0
5939,11.0
5940,11.0
5941,11.0
5942,11.0
5943,11.0
5944,10.0
5945,11.0
5946,11.0
5947,11.0
5948,11.0
5949,11.0
5950,11.0
5951,11.0
5952,11.0
5953,11.0
5954,11.0
5955,11.0
5956,11.0
5957,11.0
5958,11.0
5959,11.0
5960,11.0
5961,10.0
5962,10.0
5963,11.0
5964,11.0
5965,11.0
5966,11.0
5967,11.0
5968,11.0
5969,11.0
5970,11.0
5971,11.0
5972,11.0
5973,11.0
5974,11.0
5975,11.0
5976,11.0
5977,11.0
5978,11.0
5979,11.0
5980,11.0
5981,11.0
5982,11.0
5983,10.0
5984,11.0
5985,11.0
5986,11.0
5987,11.0
5988,11.0
5989,11.0
5990,11.0
5991,11.0
5992,11.0
5993,11.0
5994,11.0
5995,11.0
5996,11.0
5997,11.0
5998,11.0
5999,11.0
6000,11.0
6001,11.0
6002,11.0
6003,10.0
6004,11.0
6005,11.0
6006,11.0
6007,11.0
6008,11.0
6009,11.0
6010,11.0
6011,11.0
6012,10.0
6013,11.0
6014,11.0
6015,11.0
6016,11.0
6017,11.0
6018,11.0
6019,11.0
6020,11.0
6021,11.0
6022,11.0
6023,11.0
6024,11.0
6025,11.0
6026,11.0
6027,11.0
6028,11.0
6029,11.0
6030,11.0
6031,11.0
6032,10.0
6033,11.0
6034,11.0
6035,11.0
6036,11.0
6037,10.0
6038,11.0
6039,11.0
6040,10.0
6041,11.0
6042,11.0
6043,11.0
6044,11.0
6045,11.0
6046,11.0
6047,10.0
6048,11.0
6049,11.0
6050,11.0
6051,10.0
6052,11.0
6053,11.0
6054,11.0
6055,10.0
6056,11.0
6057,11.0
6058,11.0
6059,11.0
6060,11.0
6061,11.0
6062,11.0
6063,11.0
6064,11.0
6065,11.0
6066,11.0
6067,11.0
6068,11.0
6069,11.0
6070,11.0
6071,11.0
6072,11.0
6073,11.0
6074,11.0
6075,11.0
6076,11.0
6077,11.0
6078,11.0
6079,11.0
6080,11.0
6081,11.0
6082,11.0
6083,11.0
6084,11.0
6085,11.0
6086,11.0
6087,11.0
6088,11.0
6089,11.0
6090,11.0
6091,11.0
6092,11.0
6093,10.0
6094,11.0
6095,11.0
6096,11.0
6097,11.0
6098,11.0
6099,11.0
6100,11.0
6101,11.0
6102,11.0
6103,11.0
6104,11.0
6105,11.0
6106,11.0
6107,11.0
6108,11.0
6109,11.0
6110,11.0
6111,11.0
6112,11.0
6113,11.0
6114,10.0
6115,11.0
6116,11.0
6117,11.0
6118,11.0
6119,11.0
6120,11.0
6121,11.0
6122,11.0
6123,11.0
6124,11.0
6125,11.0
6126,11.0
6127,10.0
6128,11.0
6129,11.0
6130,11.0
6131,11.0
6132,10.0
6133,11.0
6134,11.0
6135,10.0
6136,11.0
6137,11.0
6138,11.0
6139,11.0
6140,11.0
6141,11.0
6142,11.0
6143,11.0
6144,11.0
6145,11.0
6146,11.0
6147,11.0
6148,11.0
6149,11.0
6150,11.0
6151,11.0
6152,11.0
6153,11.0
6154,11.0
6155,11.0
6156,11.0
6157,11.0
6158,11.0
6159,10.0
6160,11.0
6161,11.0
6162,11.0
6163,11.0
6164,11.0
6165,11.0
6166,11.0
6167,11.0
6168,11.0
6169,11.0
6170,11.0
6171,11.0
6172,10.0
6173,11.0
6174,11.0
6175,11.0
6176,11.0
6177,11.0
6178,11.0
6179,11.0
6180,11.0
6181,11.0
6182,11.0
6183,11.0
6184,11.0
6185,11.0
6186,11.0
6187,11.0
6188,11.0
6189,11.0
6190,11.0
6191,11.0
6192,11.0
6193,11.0
6194,11.0
6195,11.0
6196,10.0
6197,10.0
6198,11.0
6199,11.0
6200,11.0
6201,11.0
6202,11.0
6203,11.0
6204,11.0
6205,10.0
6206,11.0
6207,11.0
6208,11.0
6209,11.0
6210,11.0
6211,11.0
6212,11.0
6213,12.0
6214,11.0
6215,11.0
6216,11.0
6217,11.0
6218,11.0
6219,11.0
6220,11.0
6221,11.0
6222,11.0
6223,11.0
6224,11.0
6225,11.0
6226,11.0
6227,11.0
6228,11.0
6229,11.0
6230,11.0
6231,11.0
6232,11.0
6233,11.0
6234,11.0
6235,11.0
6236,11.0
6237,11.0
6238,11.0
6239,11.0
6240,11.0
6241,10.0
6242,11.0
6243,11.0
6244,11.0
6245,11.0
6246,11.0
6247,11.0
6248,11.0
6249,11.0
6250,11.0
6251,11.0
6252,11.0
6253,11.0
6254,11.0
6255,11.0
6256,11.0
6257,11.0
6258,11.0
6259,11.0
6260,11.0
6261,11.0
6262,11.0
6263,11.0
6264,11.0
6265,11.0
6266,11.0
6267,11.0
6268,11.0
6269,11.0
6270,11.0
6271,11.0
6272,11.0
6273,11.0
6274,11.0
6275,11.0
6276,11.0
6277,11.0
6278,11.0
6279,11.0
6280,11.0
6281,11.0
6282,11.0
6283,11.0
6284,11.0
6285,11.0
6286,11.0
6287,11.0
6288,11.0
6289,11.0
6290,11.0
6291,11.0
6292,11.0
6293,10.0
6294,11.0
6295,11.0
6296,11.0
6297,11.0
6298,11.0
6299,11.0
6300,11.0
6301,11.0
6302,11.0
6303,11.0
6304,11.0
6305,11.0
6306,11.0
6307,11.0
6308,11.0
6309,11.0
6310,11.0
6311,11.0
6312,11.0
6313,11.0
6314,11.0
6315,11.0
6316,11.0
6317,11.0
6318,11.0
6319,11.0
6320,11.0
6321,11.0
6322,11.0
6323,11.0
6324,11.0
6325,11.0
6326,11.0
6327,11.0
6328,11.0
6329,11.0
6330,11.0
6331,11.0
6332,11.0
6333,11.0
6334,11.0
6335,11.0
6336,11.0
6337,11.0
6338,11.0
6339,11.0
6340,11.0
6341,11.0
6342,11.0
6343,11.0
6344,11.0
6345,11.0
6346,11.0
6347,11.0
6348,10.0
6349,11.0
6350,11.0
6351,11.0
6352,11.0
6353,11.0
6354,11.0
6355,11.0
6356,11.0
6357,11.0
6358,11.0
6359,11.0
6360,11.0
6361,11.0
6362,11.0
6363,11.0
6364,11.0
6365,11.0
6366,11.0
6367,11.0
6368,11.0
6369,11.0
6370,11.0
6371,11.0
6372,11.0
6373,10.0
6374,11.0
6375,11.0
6376,11.0
6377,11.0
6378,11.0
6379,11.0
6380,11.0
6381,11.0
6382,11.0
6383,11.0
6384,11.0
6385,11.0
6386,11.0
6387,11.0
6388,11.0
6389,11.0
6390,11.0
6391,11.0
6392,11.0
6393,11.0
6394,11.0
6395,10.0
6396,11.0
6397,11.0
6398,11.0
6399,11.0
6400,11.0
6401,11.0
6402,11.0
6403,11.0
6404,11.0
6405,11.0
6406,10.0
6407,11.0
6408,11.0
6409,11.0
6410,11.0
6411,11.0
6412,12.0
6413,11.0
6414,11.0
6415,11.0
6416,11.0
6417,11.0
6418,11.0
6419,11.0
6420,11.0
6421,11.0
6422,10.0
6423,11.0
6424,11.0
6425,10.0
6426,11.0
6427,11.0
6428,11.0
6429,11.0
6430,11.0
6431,10.0
6432,11.0
6433,11.0
6434,11.0
6435,11.0
6436,11.0
6437,11.0
6438,11.0
6439,11.0
6440,12.0
6441,11.0
6442,11.0
6443,11.0
6444,11.0
6445,11.0
6446,11.0
6447,11.0
6448,11.0
6449,11.0
6450,11.0
6451,11.0
6452,11.0
6453,11.0
6454,11.0
6455,11.0
6456,11.0
6457,11.0
6458,11.0
6459,11.0
6460,11.0
6461,11.0
6462,11.0
6463,11.0
6464,11.0
6465,11.0
6466,11.0
6467,11.0
6468,11.0
6469,11.0
6470,10.0
6471,11.0
6472,11.0
6473,11.0
6474,10.0
6475,11.0
6476,11.0
6477,11.0
6478,11.0
6479,11.0
6480,11.0
6481,11.0
6482,10.0
6483,11.0
6484,11.0
6485,11.0
6486,11.0
6487,11.0
6488,11.0
6489,11.0
6490,11.0
6491,11.0
6492,11.0
6493,11.0
6494,11.0
6495,11.0
6496,10.0
6497,11.0
6498,11.0
6499,11.0
6500,11.0
6501,11.0
6502,11.0
6503,11.0
6504,11.0
6505,11.0
6506,11.0
6507,11.0
6508,11.0
6509,11.0
6510,11.0
6511,11.0
6512,11.0
6513,11.0
6514,11.0
6515,11.0
6516,11.0
6517,11.0
6518,11.0
6519,11.0
6520,11.0
6521,11.0
6522,11.0
6523,11.0
6524,11.0
6525,11.0
6526,11.0
6527,11.0
6528,11.0
6529,11.0
6530,11.0
6531,11.0
6532,11.0
6533,11.0
6534,11.0
6535,11.0
6536,11.0
6537,11.0
6538,10.0
6539,11.0
6540,11.0
6541,11.0
6542,11.0
6543,11.0
6544,11.0
6545,11.0
6546,11.0
6547,11.0
6548,11.0
6549,11.0
6550,11.0
6551,11.0
6552,11.0
6553,11.0
6554,11.0
6555,10.0
6556,11.0
6557,11.0
6558,11.0
6559,11.0
6560,11.0
6561,11.0
6562,11.0
6563,11.0
6564,11.0
6565,11.0
6566,11.0
6567,10.0
6568,11.0
6569,11.0
6570,11.0
6571,10.0
6572,10.0
6573,11.0
6574,11.0
6575,11.0
6576,11.0
6577,10.0
6578,11.0
6579,11.0
6580,11.0
6581,11.0
6582,11.0
6583,11.0
6584,11.0
6585,10.0
6586,11.0
6587,11.0
6588,10.0
6589,11.0
6590,11.0
6591,10.0
6592,11.0
6593,11.0
6594,10.0
6595,11.0
6596,11.0
6597,11.0
6598,11.0
6599,10.0
6600,11.0
6601,11.0
6602,11.0
6603,10.0
6604,11.0
6605,11.0
6606,10.0
6607,11.0
6608,11.0
6609,11.0
6610,11.0
6611,12.0
6612,11.0
6613,11.0
6614,11.0
6615,11.0
6616,11.0
6617,11.0
6618,11.0
6619,11.0
6620,11.0
6621,11.0
6622,11.0
6623,11.0
6624,11.0
6625,11.0
6626,10.0
6627,11.0
6628,11.0
6629,11.0
6630,11.0
6631,11.0
6632,11.0
6633,11.0
6634,11.0
6635,11.0
6636,11.0
6637,11.0
6638,10.0
6639,11.0
6640,10.0
6641,10.0
6642,11.0
6643,11.0
6644,11.0
6645,11.0
6646,11.0
6647,10.0
6648,11.0
6649,11.0
6650,11.0
6651,10.0
6652,11.0
6653,11.0
6654,11.0
6655,11.0
6656,11.0
6657,11.0
6658,11.0
6659,11.0
6660,10.0
6661,11.0
6662,11.0
6663,11.0
6664,11.0
6665,10.0
6666,11.0
6667,11.0
6668,10.0
6669,10.0
6670,11.0
6671,10.0
6672,11.0
6673,11.0
6674,11.0
6675,11.0
6676,11.0
6677,11.0
6678,11.0
6679,11.0
6680,11.0
6681,11.0
6682,11.0
6683,11.0
6684,11.0
6685,10.0
6686,11.0
6687,11.0
6688,11.0
6689,11.0
6690,10.0
6691,11.0
6692,11.0
6693,11.0
6694,11.0
6695,11.0
6696,10.0
6697,11.0
6698,11.0
6699,10.0
6700,10.0
6701,11.0
6702,11.0
6703,11.0
6704,10.0
6705,11.0
6706,11.0
6707,11.0
6708,11.0
6709,11.0
6710,11.0
6711,11.0
6712,11.0
6713,11.0
6714,11.0
6715,11.0
6716,11.0
6717,11.0
6718,11.0
6719,11.0
6720,11.0
6721,11.0
6722,10.0
6723,10.0
6724,11.0
6725,11.0
6726,10.0
6727,11.0
6728,11.0
6729,10.0
6730,11.0
6731,11.0
6732,11.0
6733,10.0
6734,11.0
6735,11.0
6736,11.0
6737,10.0
6738,11.0
6739,11.0
6740,11.0
6741,11.0
6742,11.0
6743,11.0
6744,11.0
6745,11.0
6746,11.0
6747,11.0
6748,11.0
6749,10.0
6750,11.0
6751,11.0
6752,10.0
6753,11.0
6754,11.0
6755,11.0
6756,10.0
6757,10.0
6758,11.0
6759,11.0
6760,11.0
6761,11.0
6762,10.0
6763,11.0
6764,11.0
6765,10.0
6766,10.0
6767,11.0
6768,10.0
6769,11.0
6770,11.0
6771,11.0
6772,11.0
6773,11.0
6774,11.0
6775,11.0
6776,11.0
6777,11.0
6778,11.0
6779,11.0
6780,10.0
6781,11.0
6782,11.0
6783,11.0
6784,11.0
6785,10.0
6786,11.0
6787,11.0
6788,11.0
6789,11.0
6790,11.0
6791,11.0
6792,11.0
6793,11.0
6794,11.0
6795,11.0
6796,11.0
6797,10.0
6798,11.0
6799,11.0
6800,11.0
6801,10.0
6802,10.0
6803,11.0
6804,11.0
6805,11.0
6806,10.0
6807,11.0
6808,11.0
6809,10.0
6810,11.0
6811,10.0
6812,11.0
6813,11.0
6814,11.0
6815,11.0
6816,11.0
6817,11.0
6818,11.0
6819,11.0
6820,11.0
6821,11.0
6822,11.0
6823,10.0
6824,11.0
6825,11.0
6826,11.0
6827,10.0
6828,11.0
6829,10.0
6830,10.0
6831,11.0
6832,11.0
6833,11.0
6834,11.0
6835,11.0
6836,11.0
6837,11.0
6838,11.0
6839,10.0
6840,11.0
6841,10.0
6842,11.0
6843,11.0
6844,11.0
6845,10.0
6846,11.0
6847,11.0
6848,11.0
6849,11.0
6850,10.0
6851,11.0
6852,11.0
6853,11.0
6854,10.0
6855,11.0
6856,10.0
6857,11.0
6858,10.0
6859,11.0
6860,11.0
6861,11.0
6862,11.0
6863,11.0
6864,11.0
6865,11.0
6866,10.0
6867,11.0
6868,10.0
6869,10.0
6870,11.0
6871,11.0
6872,11.0
6873,11.0
6874,11.0
6875,10.0
6876,11.0
6877,11.0
6878,11.0
6879,10.0
6880,10.0
6881,11.0
6882,10.0
6883,11.0
6884,11.0
6885,11.0
6886,10.0
6887,11.0
6888,11.0
6889,10.0
6890,11.0
6891,10.0
6892,11.0
6893,10.0
6894,11.0
6895,11.0
6896,11.0
6897,11.0
6898,11.0
6899,10.0
6900,11.0
6901,11.0
6902,12.0
6903,10.0
6904,11.0
6905,11.0
6906,11.0
6907,10.0
6908,11.0
6909,11.0
6910,11.0
6911,11.0
6912,11.0
6913,11.0
6914,10.0
6915,11.0
6916,11.0
6917,11.0
6918,11.0
6919,10.0
6920,11.0
6921,11.0
6922,10.0
6923,11.0
6924,11.0
6925,11.0
6926,11.0
6927,11.0
6928,10.0
6929,11.0
6930,11.0
6931,11.0
6932,10.0
6933,11.0
6934,11.0
6935,10.0
6936,11.0
6937,11.0
6938,11.0
6939,10.0
6940,11.0
6941,10.0
6942,10.0
6943,11.0
6944,11.0
6945,11.0
6946,11.0
6947,11.0
6948,10.0
6949,10.0
6950,11.0
6951,11.0
6952,11.0
6953,10.0
6954,11.0
6955,11.0
6956,10.0
6957,11.0
6958,11.0
6959,10.0
6960,11.0
6961,11.0
6962,10.0
6963,10.0
6964,10.0
6965,11.0
6966,11.0
6967,11.0
6968,11.0
6969,10.0
6970,10.0
6971,10.0
6972,11.0
6973,11.0
6974,10.0
6975,10.0
6976,11.0
6977,11.0
6978,11.0
6979,10.0
6980,11.0
6981,10.0
6982,11.0
6983,10.0
6984,11.0
6985,11.0
6986,11.0
6987,10.0
6988,11.0
6989,10.0
6990,10.0
6991,11.0
6992,11.0
6993,11.0
6994,11.0
6995,11.0
6996,10.0
6997,10.0
6998,11.0
6999,11.0
7000,11.0
7001,11.0
7002,10.0
7003,11.0
7004,10.0
7005,11.0
7006,11.0
7007,10.0
7008,11.0
7009,10.0
7010,11.0
7011,10.0
7012,11.0
7013,11.0
7014,11.0
7015,11.0
7016,11.0
7017,11.0
7018,11.0
7019,11.0
7020,10.0
7021,11.0
7022,10.0
7023,11.0
7024,11.0
7025,10.0
7026,11.0
7027,11.0
7028,11.0
7029,11.0
7030,10.0
7031,11.0
7032,11.0
7033,10.0
7034,10.0
7035,10.0
7036,11.0
7037,11.0
7038,11.0
7039,10.0
7040,10.0
7041,11.0
7042,10.0
7043,11.0
7044,11.0
7045,10.0
7046,11.0
7047,11.0
7048,10.0
7049,10.0
7050,11.0
7051,11.0
7052,10.0
7053,10.0
7054,10.0
7055,10.0
7056,11.0
7057,11.0
7058,11.0
7059,11.0
7060,10.0
7061,11.0
7062,11.0
7063,10.0
7064,11.0
7065,10.0
7066,11.0
7067,11.0
7068,11.0
7069,10.0
7070,10.0
7071,10.0
7072,10.0
7073,11.0
7074,11.0
7075,10.0
7076,10.0
7077,11.0
7078,11.0
7079,10.0
7080,11.0
7081,11.0
7082,11.0
7083,10.0
7084,10.0
7085,11.0
7086,10.0
7087,11.0
7088,11.0
7089,10.0
7090,11.0
7091,11.0
7092,10.0
7093,11.0
7094,11.0
7095,11.0
7096,11.0
7097,11.0
7098,11.0
7099,10.0
7100,11.0
7101,11.0
7102,10.0
7103,10.0
7104,11.0
7105,11.0
7106,10.0
7107,11.0
7108,10.0
7109,11.0
7110,11.0
7111,11.0
7112,11.0
7113,11.0
7114,11.0
7115,11.0
7116,10.0
7117,11.0
7118,10.0
7119,11.0
7120,10.0
7121,11.0
7122,11.0
7123,10.0
7124,11.0
7125,11.0
7126,10.0
7127,10.0
7128,11.0
7129,10.0
7130,11.0
7131,11.0
7132,10.0
7133,11.0
7134,11.0
7135,11.0
7136,10.0
7137,11.0
7138,10.0
7139,11.0
7140,10.0
7141,11.0
7142,11.0
7143,10.0
7144,11.0
7145,11.0
7146,11.0
7147,10.0
7148,10.0
7149,11.0
7150,11.0
7151,11.0
7152,11.0
7153,10.0
7154,10.0
7155,11.0
7156,11.0
7157,10.0
7158,11.0
7159,11.0
7160,11.0
7161,11.0
7162,11.0
7163,10.0
7164,11.0
7165,11.0
7166,11.0
7167,11.0
7168,11.0
7169,11.0
7170,11.0
7171,11.0
7172,10.0
7173,11.0
7174,11.0
7175,11.0
7176,10.0
7177,11.0
7178,11.0
7179,10.0
7180,11.0
7181,10.0
7182,10.0
7183,11.0
7184,11.0
7185,11.0
7186,11.0
7187,10.0
7188,11.0
7189,11.0
7190,11.0
7191,11.0
7192,10.0
7193,11.0
7194,11.0
7195,11.0
7196,11.0
7197,10.0
7198,10.0
7199,11.0
7200,10.0
7201,10.0
7202,11.0
7203,11.0
7204,11.0
7205,10.0
7206,11.0
7207,10.0
7208,11.0
7209,10.0
7210,10.0
7211,10.0
7212,10.0
7213,11.0
7214,10.0
7215,10.0
7216,11.0
7217,11.0
7218,10.0
7219,10.0
7220,10.0
7221,11.0
7222,11.0
7223,10.0
7224,10.0
7225,11.0
7226,11.0
7227,11.0
7228,10.0
7229,11.0
7230,11.0
7231,11.0
7232,10.0
7233,10.0
7234,11.0
7235,11.0
7236,10.0
7237,10.0
7238,10.0
7239,10.0
7240,10.0
7241,11.0
7242,10.0
7243,11.0
7244,10.0
7245,10.0
7246,11.0
7247,11.0
7248,10.0
7249,10.0
7250,11.0
7251,11.0
7252,10.0
7253,10.0
7254,11.0
7255,11.0
7256,11.0
7257,11.0
7258,11.0
7259,10.0
7260,10.0
7261,11.0
7262,11.0
7263,11.0
7264,10.0
7265,10.0
7266,11.0
7267,10.0
7268,10.0
7269,10.0
7270,10.0
7271,10.0
7272,10.0
7273,10.0
7274,11.0
7275,10.0
7276,11.0
7277,11.0
7278,10.0
7279,10.0
7280,11.0
7281,11.0
7282,11.0
7283,10.0
7284,10.0
7285,10.0
7286,11.0
7287,10.0
7288,10.0
7289,10.0
7290,10.0
7291,12.0
7292,10.0
7293,11.0
7294,10.0
7295,10.0
7296,11.0
7297,10.0
7298,10.0
7299,11.0
7300,11.0
7301,11.0
7302,10.0
7303,10.0
7304,10.0
7305,11.0
7306,10.0
7307,11.0
7308,10.0
7309,10.0
7310,10.0
7311,11.0
7312,10.0
7313,11.0
7314,10.0
7315,11.0
7316,11.0
7317,11.0
7318,11.0
7319,10.0
7320,10.0
7321,11.0
7322,10.0
7323,10.0
7324,10.0
7325,11.0
7326,10.0
7327,11.0
7328,10.0
7329,11.0
7330,11.0
7331,10.0
7332,11.0
7333,10.0
7334,11.0
7335,10.0
7336,10.0
7337,11.0
7338,10.0
7339,10.0
7340,10.0
7341,10.0
7342,10.0
7343,11.0
7344,11.0
7345,11.0
